8.002423457474996837e+01,2.236461511370365982e-09,1.751065690433036837e-01,5.371710469463734927e-02,2.350146115882115888e-02,-9.961896285387203953e-01,7.287529768158922394e-01
7.978269765159267024e+01,2.250139858027887728e-09,1.733841900259737168e-01,5.387471788783673721e-02,2.360090298651269097e-02,-1.007175432199722387e+00,7.259396674865877808e-01
7.898697878174405673e+01,2.251151721490222367e-09,1.750915120268603242e-01,5.402356982235905630e-02,2.318234970021866570e-02,-9.896904281895384514e-01,7.271270628919640489e-01
7.898697878174405673e+01,2.251151721490222367e-09,1.750915120268603242e-01,5.402356982235905630e-02,2.318234970021866570e-02,-9.896904281895384514e-01,7.271270628919640489e-01
7.893286764087622487e+01,2.254984075536599569e-09,1.751682203414872685e-01,5.410980118528997684e-02,2.343457347621077935e-02,-9.807678443653679023e-01,7.343713917089574883e-01
7.893286764087622487e+01,2.254984075536599569e-09,1.751682203414872685e-01,5.410980118528997684e-02,2.343457347621077935e-02,-9.807678443653679023e-01,7.343713917089574883e-01
7.893286764087622487e+01,2.254984075536599569e-09,1.751682203414872685e-01,5.410980118528997684e-02,2.343457347621077935e-02,-9.807678443653679023e-01,7.343713917089574883e-01
7.807774112852865755e+01,2.254545326025108797e-09,1.745148256053708491e-01,5.413376478157076732e-02,2.342905814169902318e-02,-9.763376539187588188e-01,7.398371880182179616e-01
7.807774112852865755e+01,2.254545326025108797e-09,1.745148256053708491e-01,5.413376478157076732e-02,2.342905814169902318e-02,-9.763376539187588188e-01,7.398371880182179616e-01
7.807774112852865755e+01,2.254545326025108797e-09,1.745148256053708491e-01,5.413376478157076732e-02,2.342905814169902318e-02,-9.763376539187588188e-01,7.398371880182179616e-01
7.807774112852865755e+01,2.254545326025108797e-09,1.745148256053708491e-01,5.413376478157076732e-02,2.342905814169902318e-02,-9.763376539187588188e-01,7.398371880182179616e-01
7.762133773627837741e+01,2.246071962449093532e-09,1.757369714708260089e-01,5.432210803243843478e-02,2.296065253453038330e-02,-9.917227876004102161e-01,7.447873823372536117e-01
7.762133773627837741e+01,2.246071962449093532e-09,1.757369714708260089e-01,5.432210803243843478e-02,2.296065253453038330e-02,-9.917227876004102161e-01,7.447873823372536117e-01
7.762133773627837741e+01,2.246071962449093532e-09,1.757369714708260089e-01,5.432210803243843478e-02,2.296065253453038330e-02,-9.917227876004102161e-01,7.447873823372536117e-01
7.762133773627837741e+01,2.246071962449093532e-09,1.757369714708260089e-01,5.432210803243843478e-02,2.296065253453038330e-02,-9.917227876004102161e-01,7.447873823372536117e-01
7.677036202331392190e+01,2.244168047583579109e-09,1.740849442098076627e-01,5.464914081101950732e-02,2.349702611662803781e-02,-9.845837799780420285e-01,7.421059963503184864e-01
7.669753541789562234e+01,2.250939443792102059e-09,1.722752291546498227e-01,5.427649006592374231e-02,2.337129660750997262e-02,-9.986649096662644221e-01,7.453096068273465935e-01
7.669753541789562234e+01,2.250939443792102059e-09,1.722752291546498227e-01,5.427649006592374231e-02,2.337129660750997262e-02,-9.986649096662644221e-01,7.453096068273465935e-01
7.666256546940432770e+01,2.261408277828372277e-09,1.727216163691757955e-01,5.426802837417794151e-02,2.302096673799032198e-02,-1.022509343706853979e+00,7.495524029950301204e-01
7.581853051512889863e+01,2.272129207696297948e-09,1.705015415589967998e-01,5.422025237222708599e-02,2.347848228205039536e-02,-1.042595826722058527e+00,7.496172863688113086e-01
7.581853051512889863e+01,2.272129207696297948e-09,1.705015415589967998e-01,5.422025237222708599e-02,2.347848228205039536e-02,-1.042595826722058527e+00,7.496172863688113086e-01
7.581853051512889863e+01,2.272129207696297948e-09,1.705015415589967998e-01,5.422025237222708599e-02,2.347848228205039536e-02,-1.042595826722058527e+00,7.496172863688113086e-01
7.581853051512889863e+01,2.272129207696297948e-09,1.705015415589967998e-01,5.422025237222708599e-02,2.347848228205039536e-02,-1.042595826722058527e+00,7.496172863688113086e-01
7.581853051512889863e+01,2.272129207696297948e-09,1.705015415589967998e-01,5.422025237222708599e-02,2.347848228205039536e-02,-1.042595826722058527e+00,7.496172863688113086e-01
7.508182609959607134e+01,2.263939147195800316e-09,1.684588606142960743e-01,5.433254868129537563e-02,2.307952235604747437e-02,-1.025413835686118880e+00,7.449393080138438927e-01
7.508182609959607134e+01,2.263939147195800316e-09,1.684588606142960743e-01,5.433254868129537563e-02,2.307952235604747437e-02,-1.025413835686118880e+00,7.449393080138438927e-01
7.557579791132708635e+01,2.257169993918658271e-09,1.665531614737912058e-01,5.447620317637531795e-02,2.291731717233761942e-02,-1.036049458358283104e+00,7.465737307240859488e-01
7.557579791132708635e+01,2.257169993918658271e-09,1.665531614737912058e-01,5.447620317637531795e-02,2.291731717233761942e-02,-1.036049458358283104e+00,7.465737307240859488e-01
7.557579791132708635e+01,2.257169993918658271e-09,1.665531614737912058e-01,5.447620317637531795e-02,2.291731717233761942e-02,-1.036049458358283104e+00,7.465737307240859488e-01
7.620061822373246230e+01,2.252104139571732558e-09,1.638034026650660724e-01,5.442761131039153266e-02,2.270990243160868338e-02,-1.047352117662179172e+00,7.421703671941628500e-01
7.620061822373246230e+01,2.252104139571732558e-09,1.638034026650660724e-01,5.442761131039153266e-02,2.270990243160868338e-02,-1.047352117662179172e+00,7.421703671941628500e-01
7.571665457801283594e+01,2.240184576412483918e-09,1.630900409391035366e-01,5.428515931364640001e-02,2.288489166312085432e-02,-1.059822313796838555e+00,7.479790096522124232e-01
7.571665457801283594e+01,2.240184576412483918e-09,1.630900409391035366e-01,5.428515931364640001e-02,2.288489166312085432e-02,-1.059822313796838555e+00,7.479790096522124232e-01
7.571665457801283594e+01,2.240184576412483918e-09,1.630900409391035366e-01,5.428515931364640001e-02,2.288489166312085432e-02,-1.059822313796838555e+00,7.479790096522124232e-01
7.525115995537566960e+01,2.251202944274099826e-09,1.610256080663390321e-01,5.447284265044554513e-02,2.271029358594977773e-02,-1.067846079923343794e+00,7.512574048768060342e-01
7.525115995537566960e+01,2.251202944274099826e-09,1.610256080663390321e-01,5.447284265044554513e-02,2.271029358594977773e-02,-1.067846079923343794e+00,7.512574048768060342e-01
7.525115995537566960e+01,2.251202944274099826e-09,1.610256080663390321e-01,5.447284265044554513e-02,2.271029358594977773e-02,-1.067846079923343794e+00,7.512574048768060342e-01
7.525115995537566960e+01,2.251202944274099826e-09,1.610256080663390321e-01,5.447284265044554513e-02,2.271029358594977773e-02,-1.067846079923343794e+00,7.512574048768060342e-01
7.599984093934793350e+01,2.245102718098134083e-09,1.581158077254319616e-01,5.476223590988305717e-02,2.246010460285537830e-02,-1.081459322444949356e+00,7.524093272011621591e-01
7.550158403246491901e+01,2.246484447417296096e-09,1.604318783476449128e-01,5.484536089508610518e-02,2.224761907210243486e-02,-1.074239652727940308e+00,7.573687253002689967e-01
7.550158403246491901e+01,2.246484447417296096e-09,1.604318783476449128e-01,5.484536089508610518e-02,2.224761907210243486e-02,-1.074239652727940308e+00,7.573687253002689967e-01
7.508785313243913606e+01,2.237807283234004084e-09,1.575688975164112049e-01,5.446028324856044822e-02,2.251522468634006499e-02,-1.050421966407647734e+00,7.564000949526163975e-01
7.474455999165381570e+01,2.249422855338769208e-09,1.550469462929785214e-01,5.481906128703128989e-02,2.205029635896482362e-02,-1.032013660124350585e+00,7.600729519678850465e-01
7.473932382264584362e+01,2.254891442967422829e-09,1.532370469566810556e-01,5.467000685113925645e-02,2.199737427296443240e-02,-1.033097171115612056e+00,7.602149911174362895e-01
7.380224163537799598e+01,2.257535686260309909e-09,1.547875011061557171e-01,5.469768669208534273e-02,2.254462742235860059e-02,-1.048435267058250409e+00,7.627826676113138582e-01
7.380224163537799598e+01,2.257535686260309909e-09,1.547875011061557171e-01,5.469768669208534273e-02,2.254462742235860059e-02,-1.048435267058250409e+00,7.627826676113138582e-01
7.380224163537799598e+01,2.257535686260309909e-09,1.547875011061557171e-01,5.469768669208534273e-02,2.254462742235860059e-02,-1.048435267058250409e+00,7.627826676113138582e-01
7.380224163537799598e+01,2.257535686260309909e-09,1.547875011061557171e-01,5.469768669208534273e-02,2.254462742235860059e-02,-1.048435267058250409e+00,7.627826676113138582e-01
7.288605078536025417e+01,2.246865477379754287e-09,1.566734997450496270e-01,5.468541425119153448e-02,2.238991566014544160e-02,-1.030157294940966972e+00,7.663570789451770171e-01
7.254449981233385358e+01,2.232612397534977111e-09,1.588076964294866111e-01,5.443031602353548548e-02,2.232852579762679632e-02,-1.051517111982550823e+00,7.665972825279916414e-01
7.191236787040531908e+01,2.234647450178120881e-09,1.563069305866632286e-01,5.452958706615836787e-02,2.287447818466712898e-02,-1.074282483680530476e+00,7.685051922902788046e-01
7.191236787040531908e+01,2.234647450178120881e-09,1.563069305866632286e-01,5.452958706615836787e-02,2.287447818466712898e-02,-1.074282483680530476e+00,7.685051922902788046e-01
7.133586319759724859e+01,2.249475911071289625e-09,1.573187657516618709e-01,5.474727348532232307e-02,2.232517464322246806e-02,-1.084587041691491116e+00,7.758595873604340332e-01
7.133586319759724859e+01,2.249475911071289625e-09,1.573187657516618709e-01,5.474727348532232307e-02,2.232517464322246806e-02,-1.084587041691491116e+00,7.758595873604340332e-01
7.054714435472612877e+01,2.258329350033943973e-09,1.549146847512770098e-01,5.454359775139511202e-02,2.183881880245671508e-02,-1.080196742564895507e+00,7.767295667509083179e-01
6.958412913186771220e+01,2.258081140618775181e-09,1.525069050238856139e-01,5.465847489542143001e-02,2.157993884135932586e-02,-1.080218171514162773e+00,7.751594418486271731e-01
6.874973440041823380e+01,2.262220344656060635e-09,1.514644090541261701e-01,5.426234434198288353e-02,2.130340054161106861e-02,-1.076987652284425057e+00,7.718550839281721476e-01
6.874973440041823380e+01,2.262220344656060635e-09,1.514644090541261701e-01,5.426234434198288353e-02,2.130340054161106861e-02,-1.076987652284425057e+00,7.718550839281721476e-01
6.918408449067196386e+01,2.268425330929044052e-09,1.490246400717965547e-01,5.424748971034116379e-02,2.133696378739819918e-02,-1.089056773774494724e+00,7.777834047834084608e-01
6.918408449067196386e+01,2.268425330929044052e-09,1.490246400717965547e-01,5.424748971034116379e-02,2.133696378739819918e-02,-1.089056773774494724e+00,7.777834047834084608e-01
6.918408449067196386e+01,2.268425330929044052e-09,1.490246400717965547e-01,5.424748971034116379e-02,2.133696378739819918e-02,-1.089056773774494724e+00,7.777834047834084608e-01
6.818806158175927123e+01,2.270788260305736994e-09,1.466529172385415969e-01,5.448649523883729306e-02,2.097068663539263661e-02,-1.112125492569375318e+00,7.818550427496562261e-01
6.818806158175927123e+01,2.270788260305736994e-09,1.466529172385415969e-01,5.448649523883729306e-02,2.097068663539263661e-02,-1.112125492569375318e+00,7.818550427496562261e-01
6.818806158175927123e+01,2.270788260305736994e-09,1.466529172385415969e-01,5.448649523883729306e-02,2.097068663539263661e-02,-1.112125492569375318e+00,7.818550427496562261e-01
6.818806158175927123e+01,2.270788260305736994e-09,1.466529172385415969e-01,5.448649523883729306e-02,2.097068663539263661e-02,-1.112125492569375318e+00,7.818550427496562261e-01
6.777057810981544606e+01,2.267439859327809021e-09,1.485495195692878301e-01,5.431616188989452088e-02,2.059315367164985672e-02,-1.090439388229091477e+00,7.872987986594437437e-01
6.777057810981544606e+01,2.267439859327809021e-09,1.485495195692878301e-01,5.431616188989452088e-02,2.059315367164985672e-02,-1.090439388229091477e+00,7.872987986594437437e-01
6.777057810981544606e+01,2.267439859327809021e-09,1.485495195692878301e-01,5.431616188989452088e-02,2.059315367164985672e-02,-1.090439388229091477e+00,7.872987986594437437e-01
6.777057810981544606e+01,2.267439859327809021e-09,1.485495195692878301e-01,5.431616188989452088e-02,2.059315367164985672e-02,-1.090439388229091477e+00,7.872987986594437437e-01
6.777057810981544606e+01,2.267439859327809021e-09,1.485495195692878301e-01,5.431616188989452088e-02,2.059315367164985672e-02,-1.090439388229091477e+00,7.872987986594437437e-01
6.717471486303898587e+01,2.276595899067356457e-09,1.489803887620154144e-01,5.455488711615620601e-02,2.078040189089275930e-02,-1.091117541658441326e+00,7.919062043029172493e-01
6.717471486303898587e+01,2.276595899067356457e-09,1.489803887620154144e-01,5.455488711615620601e-02,2.078040189089275930e-02,-1.091117541658441326e+00,7.919062043029172493e-01
6.717471486303898587e+01,2.276595899067356457e-09,1.489803887620154144e-01,5.455488711615620601e-02,2.078040189089275930e-02,-1.091117541658441326e+00,7.919062043029172493e-01
6.724589070884201192e+01,2.267406447377366209e-09,1.503762611019811291e-01,5.437585506749808423e-02,2.086865545515442094e-02,-1.111283885441030739e+00,7.889640269899005354e-01
6.802066381886484692e+01,2.269613045176344362e-09,1.524203650517698683e-01,5.426814140628344330e-02,2.034080064528499127e-02,-1.130970156984731689e+00,7.926526073351044532e-01
6.710063956268804475e+01,2.263231601601097353e-09,1.511083740191473401e-01,5.408228524381826496e-02,2.073610319215590803e-02,-1.147725105630711839e+00,7.992505729638440526e-01
6.710063956268804475e+01,2.263231601601097353e-09,1.511083740191473401e-01,5.408228524381826496e-02,2.073610319215590803e-02,-1.147725105630711839e+00,7.992505729638440526e-01
6.748610253352943289e+01,2.250863999322636535e-09,1.502983626010398754e-01,5.405061384610880537e-02,2.078038866133232257e-02,-1.153615192166484782e+00,8.065982385498481344e-01
6.748610253352943289e+01,2.250863999322636535e-09,1.502983626010398754e-01,5.405061384610880537e-02,2.078038866133232257e-02,-1.153615192166484782e+00,8.065982385498481344e-01
6.665287556650555700e+01,2.253360035411193150e-09,1.482132548338912503e-01,5.414379800015157312e-02,2.111499652480770123e-02,-1.167990651389243517e+00,8.027010770635959469e-01
6.665287556650555700e+01,2.253360035411193150e-09,1.482132548338912503e-01,5.414379800015157312e-02,2.111499652480770123e-02,-1.167990651389243517e+00,8.027010770635959469e-01
6.665287556650555700e+01,2.253360035411193150e-09,1.482132548338912503e-01,5.414379800015157312e-02,2.111499652480770123e-02,-1.167990651389243517e+00,8.027010770635959469e-01
6.708636122624039899e+01,2.254302539450898592e-09,1.498757345297083432e-01,5.437118663369377297e-02,2.061868685261662379e-02,-1.187001576816127946e+00,8.044119989831266526e-01
6.708636122624039899e+01,2.254302539450898592e-09,1.498757345297083432e-01,5.437118663369377297e-02,2.061868685261662379e-02,-1.187001576816127946e+00,8.044119989831266526e-01
6.708636122624039899e+01,2.254302539450898592e-09,1.498757345297083432e-01,5.437118663369377297e-02,2.061868685261662379e-02,-1.187001576816127946e+00,8.044119989831266526e-01
6.673237722395944616e+01,2.254782897974399741e-09,1.526970960355272799e-01,5.400401822177283012e-02,2.035146768311903512e-02,-1.178823551398057168e+00,8.069538667399530629e-01
6.673237722395944616e+01,2.254782897974399741e-09,1.526970960355272799e-01,5.400401822177283012e-02,2.035146768311903512e-02,-1.178823551398057168e+00,8.069538667399530629e-01
6.673237722395944616e+01,2.254782897974399741e-09,1.526970960355272799e-01,5.400401822177283012e-02,2.035146768311903512e-02,-1.178823551398057168e+00,8.069538667399530629e-01
6.606853243258275654e+01,2.264057897313108393e-09,1.520598910407173765e-01,5.378062508598759756e-02,1.991337422396709939e-02,-1.159695675036451545e+00,8.094293827439318356e-01
6.686362473118789751e+01,2.250535623528351202e-09,1.491045792836545314e-01,5.390596668658499679e-02,1.983412670058020202e-02,-1.163377512160589822e+00,8.081321424274142684e-01
6.686362473118789751e+01,2.250535623528351202e-09,1.491045792836545314e-01,5.390596668658499679e-02,1.983412670058020202e-02,-1.163377512160589822e+00,8.081321424274142684e-01
6.588787556237512888e+01,2.262488983126126173e-09,1.462577529155958955e-01,5.370973187877225302e-02,2.011649183511727071e-02,-1.147446941137866716e+00,8.147897883981696232e-01
6.545942876089640095e+01,2.274474454797770055e-09,1.472603986886689142e-01,5.356946141191835931e-02,2.049626221539481777e-02,-1.153605326718841084e+00,8.220197293559156071e-01
6.545942876089640095e+01,2.274474454797770055e-09,1.472603986886689142e-01,5.356946141191835931e-02,2.049626221539481777e-02,-1.153605326718841084e+00,8.220197293559156071e-01
6.545942876089640095e+01,2.274474454797770055e-09,1.472603986886689142e-01,5.356946141191835931e-02,2.049626221539481777e-02,-1.153605326718841084e+00,8.220197293559156071e-01
6.512255387540305662e+01,2.283626037772715327e-09,1.482296196106645814e-01,5.375232140247917373e-02,2.024996960157285711e-02,-1.170895912166776132e+00,8.280446304318777040e-01
6.462243070913997656e+01,2.286103694582684707e-09,1.452618975381378685e-01,5.390152337231302049e-02,2.058406727115253895e-02,-1.181122528582170039e+00,8.318846737998907281e-01
6.462243070913997656e+01,2.286103694582684707e-09,1.452618975381378685e-01,5.390152337231302049e-02,2.058406727115253895e-02,-1.181122528582170039e+00,8.318846737998907281e-01
6.462243070913997656e+01,2.286103694582684707e-09,1.452618975381378685e-01,5.390152337231302049e-02,2.058406727115253895e-02,-1.181122528582170039e+00,8.318846737998907281e-01
6.374215609497258583e+01,2.278535526119570443e-09,1.433975842688017810e-01,5.391797227004031107e-02,2.092608579391457349e-02,-1.164292381643960539e+00,8.392685982319196825e-01
6.357124942727662642e+01,2.277939895274558763e-09,1.435829048206211933e-01,5.367273429044604888e-02,2.063834810223645275e-02,-1.153186204479962562e+00,8.452915206619318056e-01
6.399194071659947269e+01,2.276508751983325211e-09,1.449819421195721880e-01,5.404431722227898138e-02,2.083253435857874633e-02,-1.167783628003276286e+00,8.510871777880090194e-01
6.320967083034741307e+01,2.279540873250649116e-09,1.465780905720331651e-01,5.390593609163224498e-02,2.118791305594024815e-02,-1.168548914600731958e+00,8.489997504247113191e-01
6.295503301343720182e+01,2.265186578998353945e-09,1.479923274514241549e-01,5.412199356873385186e-02,2.107597835006598183e-02,-1.187646322243974151e+00,8.557322104141764640e-01
6.295503301343720182e+01,2.265186578998353945e-09,1.479923274514241549e-01,5.412199356873385186e-02,2.107597835006598183e-02,-1.187646322243974151e+00,8.557322104141764640e-01
6.312966933090820021e+01,2.254781721600323743e-09,1.491754528651381972e-01,5.386088090960806235e-02,2.138672440889149984e-02,-1.193534592273213457e+00,8.549429957229286448e-01
6.312966933090820021e+01,2.254781721600323743e-09,1.491754528651381972e-01,5.386088090960806235e-02,2.138672440889149984e-02,-1.193534592273213457e+00,8.549429957229286448e-01
6.220598478821132460e+01,2.253367677593940513e-09,1.500842569131184412e-01,5.359911001021631927e-02,2.172077867996054235e-02,-1.202633638177111219e+00,8.580732902152821140e-01
6.276634528323950235e+01,2.244607355307147538e-09,1.483202145941095729e-01,5.395984609367061174e-02,2.152342528648680531e-02,-1.208148979324410677e+00,8.609549522740050920e-01
6.216759272778682544e+01,2.229817650927884614e-09,1.475035292271276721e-01,5.406553328425880295e-02,2.113035803704339105e-02,-1.207702728856572039e+00,8.593303963704043147e-01
6.216759272778682544e+01,2.229817650927884614e-09,1.475035292271276721e-01,5.406553328425880295e-02,2.113035803704339105e-02,-1.207702728856572039e+00,8.593303963704043147e-01
6.216759272778682544e+01,2.229817650927884614e-09,1.475035292271276721e-01,5.406553328425880295e-02,2.113035803704339105e-02,-1.207702728856572039e+00,8.593303963704043147e-01
6.198632284299922190e+01,2.226389467469516489e-09,1.475473661849241724e-01,5.402685263829188483e-02,2.105022924458272923e-02,-1.229649653993298619e+00,8.573133753853549033e-01
6.103238277298888192e+01,2.241328734314694101e-09,1.461586916585187190e-01,5.399282924576261078e-02,2.050438211300471131e-02,-1.228956301367754689e+00,8.582926679538992465e-01
6.125594975508914075e+01,2.236650196330947528e-09,1.475318498943594125e-01,5.391145947136369992e-02,1.998100872514357862e-02,-1.245819177290913071e+00,8.642115257166549380e-01
6.125594975508914075e+01,2.236650196330947528e-09,1.475318498943594125e-01,5.391145947136369992e-02,1.998100872514357862e-02,-1.245819177290913071e+00,8.642115257166549380e-01
6.125594975508914075e+01,2.236650196330947528e-09,1.475318498943594125e-01,5.391145947136369992e-02,1.998100872514357862e-02,-1.245819177290913071e+00,8.642115257166549380e-01
6.125594975508914075e+01,2.236650196330947528e-09,1.475318498943594125e-01,5.391145947136369992e-02,1.998100872514357862e-02,-1.245819177290913071e+00,8.642115257166549380e-01
6.125594975508914075e+01,2.236650196330947528e-09,1.475318498943594125e-01,5.391145947136369992e-02,1.998100872514357862e-02,-1.245819177290913071e+00,8.642115257166549380e-01
6.125594975508914075e+01,2.236650196330947528e-09,1.475318498943594125e-01,5.391145947136369992e-02,1.998100872514357862e-02,-1.245819177290913071e+00,8.642115257166549380e-01
6.125594975508914075e+01,2.236650196330947528e-09,1.475318498943594125e-01,5.391145947136369992e-02,1.998100872514357862e-02,-1.245819177290913071e+00,8.642115257166549380e-01
6.125594975508914075e+01,2.236650196330947528e-09,1.475318498943594125e-01,5.391145947136369992e-02,1.998100872514357862e-02,-1.245819177290913071e+00,8.642115257166549380e-01
6.125594975508914075e+01,2.236650196330947528e-09,1.475318498943594125e-01,5.391145947136369992e-02,1.998100872514357862e-02,-1.245819177290913071e+00,8.642115257166549380e-01
6.125594975508914075e+01,2.236650196330947528e-09,1.475318498943594125e-01,5.391145947136369992e-02,1.998100872514357862e-02,-1.245819177290913071e+00,8.642115257166549380e-01
6.067204973964580716e+01,2.239315550626811314e-09,1.469475102139868872e-01,5.422496354742126212e-02,1.954958126118653411e-02,-1.266461207975725145e+00,8.664934094033676093e-01
6.024974391969992382e+01,2.238303843117918517e-09,1.481045662640554650e-01,5.433044754685244226e-02,1.926366369317358482e-02,-1.253466615279597907e+00,8.669790862963542288e-01
5.943657453392525980e+01,2.253257164527010080e-09,1.471882663413311976e-01,5.445552488422338022e-02,1.968443092499567310e-02,-1.237191121556103779e+00,8.744231130943435071e-01
5.943657453392525980e+01,2.253257164527010080e-09,1.471882663413311976e-01,5.445552488422338022e-02,1.968443092499567310e-02,-1.237191121556103779e+00,8.744231130943435071e-01
5.943657453392525980e+01,2.253257164527010080e-09,1.471882663413311976e-01,5.445552488422338022e-02,1.968443092499567310e-02,-1.237191121556103779e+00,8.744231130943435071e-01
5.967988758451085118e+01,2.240371041000504181e-09,1.447421305091733390e-01,5.458722522376485697e-02,1.943316289566798458e-02,-1.257355684199461754e+00,8.717946731616493805e-01
5.967988758451085118e+01,2.240371041000504181e-09,1.447421305091733390e-01,5.458722522376485697e-02,1.943316289566798458e-02,-1.257355684199461754e+00,8.717946731616493805e-01
5.967988758451085118e+01,2.240371041000504181e-09,1.447421305091733390e-01,5.458722522376485697e-02,1.943316289566798458e-02,-1.257355684199461754e+00,8.717946731616493805e-01
5.967988758451085118e+01,2.240371041000504181e-09,1.447421305091733390e-01,5.458722522376485697e-02,1.943316289566798458e-02,-1.257355684199461754e+00,8.717946731616493805e-01
6.047704742358435226e+01,2.229100229135983046e-09,1.469820738972732743e-01,5.434713985574951556e-02,1.909502673486229707e-02,-1.255687091070654793e+00,8.667532366139283351e-01
6.047704742358435226e+01,2.229100229135983046e-09,1.469820738972732743e-01,5.434713985574951556e-02,1.909502673486229707e-02,-1.255687091070654793e+00,8.667532366139283351e-01
6.047704742358435226e+01,2.229100229135983046e-09,1.469820738972732743e-01,5.434713985574951556e-02,1.909502673486229707e-02,-1.255687091070654793e+00,8.667532366139283351e-01
6.047704742358435226e+01,2.229100229135983046e-09,1.469820738972732743e-01,5.434713985574951556e-02,1.909502673486229707e-02,-1.255687091070654793e+00,8.667532366139283351e-01
6.047704742358435226e+01,2.229100229135983046e-09,1.469820738972732743e-01,5.434713985574951556e-02,1.909502673486229707e-02,-1.255687091070654793e+00,8.667532366139283351e-01
6.047704742358435226e+01,2.229100229135983046e-09,1.469820738972732743e-01,5.434713985574951556e-02,1.909502673486229707e-02,-1.255687091070654793e+00,8.667532366139283351e-01
6.047704742358435226e+01,2.229100229135983046e-09,1.469820738972732743e-01,5.434713985574951556e-02,1.909502673486229707e-02,-1.255687091070654793e+00,8.667532366139283351e-01
6.047704742358435226e+01,2.229100229135983046e-09,1.469820738972732743e-01,5.434713985574951556e-02,1.909502673486229707e-02,-1.255687091070654793e+00,8.667532366139283351e-01
6.047704742358435226e+01,2.229100229135983046e-09,1.469820738972732743e-01,5.434713985574951556e-02,1.909502673486229707e-02,-1.255687091070654793e+00,8.667532366139283351e-01
5.954118529447077179e+01,2.219438120702109498e-09,1.444255126625735575e-01,5.466945660463191914e-02,1.919606249341403517e-02,-1.245423777978784230e+00,8.721325393087449029e-01
5.954118529447077179e+01,2.219438120702109498e-09,1.444255126625735575e-01,5.466945660463191914e-02,1.919606249341403517e-02,-1.245423777978784230e+00,8.721325393087449029e-01
5.861951988680390713e+01,2.226695024389338296e-09,1.472443026606991556e-01,5.454112057355043480e-02,1.936586352281503831e-02,-1.236657069153016542e+00,8.718865369517916353e-01
5.861951988680390713e+01,2.226695024389338296e-09,1.472443026606991556e-01,5.454112057355043480e-02,1.936586352281503831e-02,-1.236657069153016542e+00,8.718865369517916353e-01
5.823814814082913927e+01,2.228789315018350239e-09,1.498653844330025964e-01,5.434497639261336860e-02,1.927117572303989335e-02,-1.236255538917308661e+00,8.762251386322236213e-01
5.823814814082913927e+01,2.228789315018350239e-09,1.498653844330025964e-01,5.434497639261336860e-02,1.927117572303989335e-02,-1.236255538917308661e+00,8.762251386322236213e-01
5.823814814082913927e+01,2.228789315018350239e-09,1.498653844330025964e-01,5.434497639261336860e-02,1.927117572303989335e-02,-1.236255538917308661e+00,8.762251386322236213e-01
5.826831359521442977e+01,2.231115278890367927e-09,1.471100223433423893e-01,5.409670586156748590e-02,1.974088760006461468e-02,-1.238454276514437735e+00,8.709325475676291672e-01
5.826831359521442977e+01,2.231115278890367927e-09,1.471100223433423893e-01,5.409670586156748590e-02,1.974088760006461468e-02,-1.238454276514437735e+00,8.709325475676291672e-01
5.926768515341164800e+01,2.226908961555593001e-09,1.476479824004310049e-01,5.448097967413577380e-02,1.953277089742342168e-02,-1.260132761416721037e+00,8.694030430132171361e-01
5.926768515341164800e+01,2.226908961555593001e-09,1.476479824004310049e-01,5.448097967413577380e-02,1.953277089742342168e-02,-1.260132761416721037e+00,8.694030430132171361e-01
5.926768515341164800e+01,2.226908961555593001e-09,1.476479824004310049e-01,5.448097967413577380e-02,1.953277089742342168e-02,-1.260132761416721037e+00,8.694030430132171361e-01
5.926768515341164800e+01,2.226908961555593001e-09,1.476479824004310049e-01,5.448097967413577380e-02,1.953277089742342168e-02,-1.260132761416721037e+00,8.694030430132171361e-01
5.926768515341164800e+01,2.226908961555593001e-09,1.476479824004310049e-01,5.448097967413577380e-02,1.953277089742342168e-02,-1.260132761416721037e+00,8.694030430132171361e-01
5.926768515341164800e+01,2.226908961555593001e-09,1.476479824004310049e-01,5.448097967413577380e-02,1.953277089742342168e-02,-1.260132761416721037e+00,8.694030430132171361e-01
5.875533685995162614e+01,2.233659068447964027e-09,1.500686978186432652e-01,5.461572780898226592e-02,1.927259109526966580e-02,-1.278966588898925671e+00,8.746639753462323030e-01
5.917450349647931773e+01,2.239720174278317847e-09,1.490806709841010214e-01,5.449161908565110929e-02,1.932925923236388302e-02,-1.269689455432687630e+00,8.758734207698926078e-01
5.917450349647931773e+01,2.239720174278317847e-09,1.490806709841010214e-01,5.449161908565110929e-02,1.932925923236388302e-02,-1.269689455432687630e+00,8.758734207698926078e-01
5.917450349647931773e+01,2.239720174278317847e-09,1.490806709841010214e-01,5.449161908565110929e-02,1.932925923236388302e-02,-1.269689455432687630e+00,8.758734207698926078e-01
5.917450349647931773e+01,2.239720174278317847e-09,1.490806709841010214e-01,5.449161908565110929e-02,1.932925923236388302e-02,-1.269689455432687630e+00,8.758734207698926078e-01
5.917450349647931773e+01,2.239720174278317847e-09,1.490806709841010214e-01,5.449161908565110929e-02,1.932925923236388302e-02,-1.269689455432687630e+00,8.758734207698926078e-01
5.917450349647931773e+01,2.239720174278317847e-09,1.490806709841010214e-01,5.449161908565110929e-02,1.932925923236388302e-02,-1.269689455432687630e+00,8.758734207698926078e-01
5.917450349647931773e+01,2.239720174278317847e-09,1.490806709841010214e-01,5.449161908565110929e-02,1.932925923236388302e-02,-1.269689455432687630e+00,8.758734207698926078e-01
5.917450349647931773e+01,2.239720174278317847e-09,1.490806709841010214e-01,5.449161908565110929e-02,1.932925923236388302e-02,-1.269689455432687630e+00,8.758734207698926078e-01
5.826730523692178565e+01,2.230513873844941100e-09,1.495785985626217895e-01,5.411819211310477801e-02,1.892188460397103630e-02,-1.285625017168136042e+00,8.759209832166708898e-01
5.826730523692178565e+01,2.230513873844941100e-09,1.495785985626217895e-01,5.411819211310477801e-02,1.892188460397103630e-02,-1.285625017168136042e+00,8.759209832166708898e-01
5.826730523692178565e+01,2.230513873844941100e-09,1.495785985626217895e-01,5.411819211310477801e-02,1.892188460397103630e-02,-1.285625017168136042e+00,8.759209832166708898e-01
5.826730523692178565e+01,2.230513873844941100e-09,1.495785985626217895e-01,5.411819211310477801e-02,1.892188460397103630e-02,-1.285625017168136042e+00,8.759209832166708898e-01
5.826730523692178565e+01,2.230513873844941100e-09,1.495785985626217895e-01,5.411819211310477801e-02,1.892188460397103630e-02,-1.285625017168136042e+00,8.759209832166708898e-01
5.826730523692178565e+01,2.230513873844941100e-09,1.495785985626217895e-01,5.411819211310477801e-02,1.892188460397103630e-02,-1.285625017168136042e+00,8.759209832166708898e-01
5.826730523692178565e+01,2.230513873844941100e-09,1.495785985626217895e-01,5.411819211310477801e-02,1.892188460397103630e-02,-1.285625017168136042e+00,8.759209832166708898e-01
5.826730523692178565e+01,2.230513873844941100e-09,1.495785985626217895e-01,5.411819211310477801e-02,1.892188460397103630e-02,-1.285625017168136042e+00,8.759209832166708898e-01
5.826730523692178565e+01,2.230513873844941100e-09,1.495785985626217895e-01,5.411819211310477801e-02,1.892188460397103630e-02,-1.285625017168136042e+00,8.759209832166708898e-01
5.804251394656633067e+01,2.227972883949491830e-09,1.469018682808450327e-01,5.390296432886580724e-02,1.927231277332465409e-02,-1.284250023634005755e+00,8.713135128775114646e-01
5.804251394656633067e+01,2.227972883949491830e-09,1.469018682808450327e-01,5.390296432886580724e-02,1.927231277332465409e-02,-1.284250023634005755e+00,8.713135128775114646e-01
5.732120157198946941e+01,2.223210614737453460e-09,1.486242594510989168e-01,5.411201302780101197e-02,1.957309471587442146e-02,-1.277545496251125678e+00,8.680846610290241516e-01
5.732120157198946941e+01,2.223210614737453460e-09,1.486242594510989168e-01,5.411201302780101197e-02,1.957309471587442146e-02,-1.277545496251125678e+00,8.680846610290241516e-01
5.732120157198946941e+01,2.223210614737453460e-09,1.486242594510989168e-01,5.411201302780101197e-02,1.957309471587442146e-02,-1.277545496251125678e+00,8.680846610290241516e-01
5.732120157198946941e+01,2.223210614737453460e-09,1.486242594510989168e-01,5.411201302780101197e-02,1.957309471587442146e-02,-1.277545496251125678e+00,8.680846610290241516e-01
5.732120157198946941e+01,2.223210614737453460e-09,1.486242594510989168e-01,5.411201302780101197e-02,1.957309471587442146e-02,-1.277545496251125678e+00,8.680846610290241516e-01
5.732120157198946941e+01,2.223210614737453460e-09,1.486242594510989168e-01,5.411201302780101197e-02,1.957309471587442146e-02,-1.277545496251125678e+00,8.680846610290241516e-01
5.732120157198946941e+01,2.223210614737453460e-09,1.486242594510989168e-01,5.411201302780101197e-02,1.957309471587442146e-02,-1.277545496251125678e+00,8.680846610290241516e-01
5.732120157198946941e+01,2.223210614737453460e-09,1.486242594510989168e-01,5.411201302780101197e-02,1.957309471587442146e-02,-1.277545496251125678e+00,8.680846610290241516e-01
5.732120157198946941e+01,2.223210614737453460e-09,1.486242594510989168e-01,5.411201302780101197e-02,1.957309471587442146e-02,-1.277545496251125678e+00,8.680846610290241516e-01
5.732120157198946941e+01,2.223210614737453460e-09,1.486242594510989168e-01,5.411201302780101197e-02,1.957309471587442146e-02,-1.277545496251125678e+00,8.680846610290241516e-01
5.732120157198946941e+01,2.223210614737453460e-09,1.486242594510989168e-01,5.411201302780101197e-02,1.957309471587442146e-02,-1.277545496251125678e+00,8.680846610290241516e-01
5.732120157198946941e+01,2.223210614737453460e-09,1.486242594510989168e-01,5.411201302780101197e-02,1.957309471587442146e-02,-1.277545496251125678e+00,8.680846610290241516e-01
5.732120157198946941e+01,2.223210614737453460e-09,1.486242594510989168e-01,5.411201302780101197e-02,1.957309471587442146e-02,-1.277545496251125678e+00,8.680846610290241516e-01
5.732120157198946941e+01,2.223210614737453460e-09,1.486242594510989168e-01,5.411201302780101197e-02,1.957309471587442146e-02,-1.277545496251125678e+00,8.680846610290241516e-01
5.726076788984531873e+01,2.213538513158070909e-09,1.490038156781244572e-01,5.429777255572899169e-02,1.962964897650565713e-02,-1.285738358174822293e+00,8.657985875723374081e-01
5.776902657222154147e+01,2.225632884814335409e-09,1.508171571109892806e-01,5.445407650079668593e-02,1.958404605737184764e-02,-1.264893276247884835e+00,8.689534271369687701e-01
5.701186443566299289e+01,2.238958102235612051e-09,1.511358993761580394e-01,5.409510501247686426e-02,1.952998015848399910e-02,-1.259149800492036508e+00,8.757612782217589764e-01
5.701186443566299289e+01,2.238958102235612051e-09,1.511358993761580394e-01,5.409510501247686426e-02,1.952998015848399910e-02,-1.259149800492036508e+00,8.757612782217589764e-01
5.638304513445475408e+01,2.223979730437607747e-09,1.497571630841454671e-01,5.421267070362346951e-02,1.955571641334908489e-02,-1.264503114221749547e+00,8.753477847230445308e-01
5.638304513445475408e+01,2.223979730437607747e-09,1.497571630841454671e-01,5.421267070362346951e-02,1.955571641334908489e-02,-1.264503114221749547e+00,8.753477847230445308e-01
5.571956037558097563e+01,2.217615056642032134e-09,1.489415410692854214e-01,5.449413254926301770e-02,1.917665192192352305e-02,-1.268989586886641874e+00,8.781969498670170182e-01
5.571956037558097563e+01,2.217615056642032134e-09,1.489415410692854214e-01,5.449413254926301770e-02,1.917665192192352305e-02,-1.268989586886641874e+00,8.781969498670170182e-01
5.571956037558097563e+01,2.217615056642032134e-09,1.489415410692854214e-01,5.449413254926301770e-02,1.917665192192352305e-02,-1.268989586886641874e+00,8.781969498670170182e-01
5.571956037558097563e+01,2.217615056642032134e-09,1.489415410692854214e-01,5.449413254926301770e-02,1.917665192192352305e-02,-1.268989586886641874e+00,8.781969498670170182e-01
5.571956037558097563e+01,2.217615056642032134e-09,1.489415410692854214e-01,5.449413254926301770e-02,1.917665192192352305e-02,-1.268989586886641874e+00,8.781969498670170182e-01
5.571956037558097563e+01,2.217615056642032134e-09,1.489415410692854214e-01,5.449413254926301770e-02,1.917665192192352305e-02,-1.268989586886641874e+00,8.781969498670170182e-01
5.564806956057428522e+01,2.224492144196887013e-09,1.504350898220128963e-01,5.445808107513557678e-02,1.960815224491344391e-02,-1.277607195981796062e+00,8.826185947701838952e-01
5.631011246562263750e+01,2.209715514608189849e-09,1.478810886467214203e-01,5.482776448452945234e-02,1.909939664948455407e-02,-1.266342393532346344e+00,8.839720912588266977e-01
5.631011246562263750e+01,2.209715514608189849e-09,1.478810886467214203e-01,5.482776448452945234e-02,1.909939664948455407e-02,-1.266342393532346344e+00,8.839720912588266977e-01
5.707904236233997608e+01,2.212175735155586708e-09,1.473300692618585706e-01,5.447384066826192056e-02,1.931573481334945830e-02,-1.269710163708799078e+00,8.876321323531239926e-01
5.707904236233997608e+01,2.212175735155586708e-09,1.473300692618585706e-01,5.447384066826192056e-02,1.931573481334945830e-02,-1.269710163708799078e+00,8.876321323531239926e-01
5.708711913789261416e+01,2.222508705095005344e-09,1.477965585435559448e-01,5.448522084510087210e-02,1.936588882654718957e-02,-1.246339789558804645e+00,8.933786367229478165e-01
5.753356420745364375e+01,2.221035726479719302e-09,1.457876615808042231e-01,5.468292658476119061e-02,1.905295836078540681e-02,-1.234981279196610160e+00,9.007603824173534557e-01
5.753356420745364375e+01,2.221035726479719302e-09,1.457876615808042231e-01,5.468292658476119061e-02,1.905295836078540681e-02,-1.234981279196610160e+00,9.007603824173534557e-01
5.780705085429043066e+01,2.232113872725391509e-09,1.478285243052443743e-01,5.440072458085695034e-02,1.924025630110440255e-02,-1.250760421106319020e+00,8.996757064008961136e-01
5.780705085429043066e+01,2.232113872725391509e-09,1.478285243052443743e-01,5.440072458085695034e-02,1.924025630110440255e-02,-1.250760421106319020e+00,8.996757064008961136e-01
5.780705085429043066e+01,2.232113872725391509e-09,1.478285243052443743e-01,5.440072458085695034e-02,1.924025630110440255e-02,-1.250760421106319020e+00,8.996757064008961136e-01
5.769316135088590158e+01,2.238617779891640482e-09,1.495263933271737122e-01,5.439366952955554391e-02,1.941245901774522192e-02,-1.269208346266230025e+00,9.065203750075195854e-01
5.769316135088590158e+01,2.238617779891640482e-09,1.495263933271737122e-01,5.439366952955554391e-02,1.941245901774522192e-02,-1.269208346266230025e+00,9.065203750075195854e-01
5.769316135088590158e+01,2.238617779891640482e-09,1.495263933271737122e-01,5.439366952955554391e-02,1.941245901774522192e-02,-1.269208346266230025e+00,9.065203750075195854e-01
5.700421469722331125e+01,2.225950883540726700e-09,1.499024702320951585e-01,5.406925993076693721e-02,1.938353921052123410e-02,-1.277845948117048547e+00,9.015877549559877524e-01
5.700421469722331125e+01,2.225950883540726700e-09,1.499024702320951585e-01,5.406925993076693721e-02,1.938353921052123410e-02,-1.277845948117048547e+00,9.015877549559877524e-01
5.700421469722331125e+01,2.225950883540726700e-09,1.499024702320951585e-01,5.406925993076693721e-02,1.938353921052123410e-02,-1.277845948117048547e+00,9.015877549559877524e-01
5.629176858259056360e+01,2.234088569451406502e-09,1.497536325114529332e-01,5.398256863133663735e-02,1.966815132277441314e-02,-1.277914071684416397e+00,8.941373752284359488e-01
5.629176858259056360e+01,2.234088569451406502e-09,1.497536325114529332e-01,5.398256863133663735e-02,1.966815132277441314e-02,-1.277914071684416397e+00,8.941373752284359488e-01
5.629176858259056360e+01,2.234088569451406502e-09,1.497536325114529332e-01,5.398256863133663735e-02,1.966815132277441314e-02,-1.277914071684416397e+00,8.941373752284359488e-01
5.629176858259056360e+01,2.234088569451406502e-09,1.497536325114529332e-01,5.398256863133663735e-02,1.966815132277441314e-02,-1.277914071684416397e+00,8.941373752284359488e-01
5.629176858259056360e+01,2.234088569451406502e-09,1.497536325114529332e-01,5.398256863133663735e-02,1.966815132277441314e-02,-1.277914071684416397e+00,8.941373752284359488e-01
5.629176858259056360e+01,2.234088569451406502e-09,1.497536325114529332e-01,5.398256863133663735e-02,1.966815132277441314e-02,-1.277914071684416397e+00,8.941373752284359488e-01
5.643198169030627298e+01,2.231101230748480351e-09,1.493087676677098130e-01,5.383385520212975034e-02,2.015861821512323487e-02,-1.290157205803781348e+00,8.967898119454772443e-01
5.643198169030627298e+01,2.231101230748480351e-09,1.493087676677098130e-01,5.383385520212975034e-02,2.015861821512323487e-02,-1.290157205803781348e+00,8.967898119454772443e-01
5.643198169030627298e+01,2.231101230748480351e-09,1.493087676677098130e-01,5.383385520212975034e-02,2.015861821512323487e-02,-1.290157205803781348e+00,8.967898119454772443e-01
5.643198169030627298e+01,2.231101230748480351e-09,1.493087676677098130e-01,5.383385520212975034e-02,2.015861821512323487e-02,-1.290157205803781348e+00,8.967898119454772443e-01
5.723172991358549666e+01,2.228438600029243500e-09,1.469263585525917570e-01,5.358221955817835808e-02,1.998424061111407635e-02,-1.299938460647489968e+00,8.905768167147453118e-01
5.723172991358549666e+01,2.228438600029243500e-09,1.469263585525917570e-01,5.358221955817835808e-02,1.998424061111407635e-02,-1.299938460647489968e+00,8.905768167147453118e-01
5.723172991358549666e+01,2.228438600029243500e-09,1.469263585525917570e-01,5.358221955817835808e-02,1.998424061111407635e-02,-1.299938460647489968e+00,8.905768167147453118e-01
5.754955504105789998e+01,2.219234454439894594e-09,1.450079962887841911e-01,5.326359423382590746e-02,2.005929018863526758e-02,-1.318331859013834206e+00,8.908526590834665582e-01
5.832436290003402490e+01,2.213277326006046434e-09,1.439359396244318245e-01,5.330879588870567759e-02,2.009136360984749639e-02,-1.338644289964643797e+00,8.934096906792176052e-01
5.832436290003402490e+01,2.213277326006046434e-09,1.439359396244318245e-01,5.330879588870567759e-02,2.009136360984749639e-02,-1.338644289964643797e+00,8.934096906792176052e-01
5.861209890620011009e+01,2.221048740267681508e-09,1.455999229958879759e-01,5.297447421656191480e-02,1.994127700783959387e-02,-1.336399219941808436e+00,8.985750146568588503e-01
5.861209890620011009e+01,2.221048740267681508e-09,1.455999229958879759e-01,5.297447421656191480e-02,1.994127700783959387e-02,-1.336399219941808436e+00,8.985750146568588503e-01
5.890897450232371568e+01,2.219393231529818266e-09,1.462609984337804314e-01,5.282010660770048577e-02,1.988953460913497201e-02,-1.338887743340038794e+00,8.981834950098001036e-01
5.848335578082941311e+01,2.223763722441628107e-09,1.474404663172765306e-01,5.263337148555525397e-02,2.003632540006124174e-02,-1.347924775463227531e+00,8.962679017298132989e-01
5.825059857849368683e+01,2.213281096069837819e-09,1.455086321200357302e-01,5.286424874714098360e-02,2.034901331723735010e-02,-1.333249187640683564e+00,8.932511045048285858e-01
5.917754838315102006e+01,2.199375009785503186e-09,1.465154179950614033e-01,5.288425956974508735e-02,2.055685990160126958e-02,-1.324749831770346775e+00,9.006739324147955417e-01
5.917754838315102006e+01,2.199375009785503186e-09,1.465154179950614033e-01,5.288425956974508735e-02,2.055685990160126958e-02,-1.324749831770346775e+00,9.006739324147955417e-01
5.917754838315102006e+01,2.199375009785503186e-09,1.465154179950614033e-01,5.288425956974508735e-02,2.055685990160126958e-02,-1.324749831770346775e+00,9.006739324147955417e-01
5.959077635741790857e+01,2.197874894269685101e-09,1.447442552318432551e-01,5.277214248946054259e-02,2.035949991557830380e-02,-1.315816279681934597e+00,8.972524298528794517e-01
5.963756177771197997e+01,2.187765580421651948e-09,1.440981130604404303e-01,5.238893753842285839e-02,2.015347513853094769e-02,-1.298188100570141890e+00,8.961002221796666722e-01
5.963756177771197997e+01,2.187765580421651948e-09,1.440981130604404303e-01,5.238893753842285839e-02,2.015347513853094769e-02,-1.298188100570141890e+00,8.961002221796666722e-01
5.963756177771197997e+01,2.187765580421651948e-09,1.440981130604404303e-01,5.238893753842285839e-02,2.015347513853094769e-02,-1.298188100570141890e+00,8.961002221796666722e-01
6.045948972525003029e+01,2.187404257071608648e-09,1.422497201413594758e-01,5.202730506544623462e-02,2.042003574511824099e-02,-1.311223107298725044e+00,8.943205507257842024e-01
6.045948972525003029e+01,2.187404257071608648e-09,1.422497201413594758e-01,5.202730506544623462e-02,2.042003574511824099e-02,-1.311223107298725044e+00,8.943205507257842024e-01
6.045948972525003029e+01,2.187404257071608648e-09,1.422497201413594758e-01,5.202730506544623462e-02,2.042003574511824099e-02,-1.311223107298725044e+00,8.943205507257842024e-01
6.045948972525003029e+01,2.187404257071608648e-09,1.422497201413594758e-01,5.202730506544623462e-02,2.042003574511824099e-02,-1.311223107298725044e+00,8.943205507257842024e-01
6.045948972525003029e+01,2.187404257071608648e-09,1.422497201413594758e-01,5.202730506544623462e-02,2.042003574511824099e-02,-1.311223107298725044e+00,8.943205507257842024e-01
6.119736932765776061e+01,2.181924832685654504e-09,1.419394752727550502e-01,5.225126849637978799e-02,1.997036938816122362e-02,-1.316197268150010924e+00,9.016704176238180546e-01
6.119736932765776061e+01,2.181924832685654504e-09,1.419394752727550502e-01,5.225126849637978799e-02,1.997036938816122362e-02,-1.316197268150010924e+00,9.016704176238180546e-01
6.123698300645183679e+01,2.173124021323288138e-09,1.436007007628450904e-01,5.233789384433747832e-02,1.955498027249369039e-02,-1.329341104759691028e+00,9.073122802630112504e-01
6.181824331538633999e+01,2.167239618019763959e-09,1.432032403574937107e-01,5.244952895127168169e-02,2.006528775631577499e-02,-1.351045880061760629e+00,9.056511713878467873e-01
6.266668944257644824e+01,2.165220201667583042e-09,1.407538402913693643e-01,5.257682510745242954e-02,2.054113126060020875e-02,-1.348665640498965423e+00,9.129096985546009124e-01
6.266668944257644824e+01,2.165220201667583042e-09,1.407538402913693643e-01,5.257682510745242954e-02,2.054113126060020875e-02,-1.348665640498965423e+00,9.129096985546009124e-01
6.196177996022270662e+01,2.176564634203976642e-09,1.414214703813509721e-01,5.294595551746679452e-02,1.999934134610071787e-02,-1.351183786975276080e+00,9.185221907865291913e-01
6.196177996022270662e+01,2.176564634203976642e-09,1.414214703813509721e-01,5.294595551746679452e-02,1.999934134610071787e-02,-1.351183786975276080e+00,9.185221907865291913e-01
6.196177996022270662e+01,2.176564634203976642e-09,1.414214703813509721e-01,5.294595551746679452e-02,1.999934134610071787e-02,-1.351183786975276080e+00,9.185221907865291913e-01
6.196177996022270662e+01,2.176564634203976642e-09,1.414214703813509721e-01,5.294595551746679452e-02,1.999934134610071787e-02,-1.351183786975276080e+00,9.185221907865291913e-01
6.132568135878108251e+01,2.179143633080137936e-09,1.399291778335223502e-01,5.262568458374650843e-02,2.044676410181963874e-02,-1.361466074751611854e+00,9.247571825915691379e-01
6.132568135878108251e+01,2.179143633080137936e-09,1.399291778335223502e-01,5.262568458374650843e-02,2.044676410181963874e-02,-1.361466074751611854e+00,9.247571825915691379e-01
6.132568135878108251e+01,2.179143633080137936e-09,1.399291778335223502e-01,5.262568458374650843e-02,2.044676410181963874e-02,-1.361466074751611854e+00,9.247571825915691379e-01
6.132568135878108251e+01,2.179143633080137936e-09,1.399291778335223502e-01,5.262568458374650843e-02,2.044676410181963874e-02,-1.361466074751611854e+00,9.247571825915691379e-01
6.201265883914824428e+01,2.172834725744321195e-09,1.397414590447089155e-01,5.224647263717073498e-02,2.091397391938745395e-02,-1.345186875512832891e+00,9.203726360669510775e-01
6.261946278705518409e+01,2.177211180660736214e-09,1.391544139842713634e-01,5.188048714004395850e-02,2.090964887466928782e-02,-1.343023076667585469e+00,9.168512215614840200e-01
6.235779142345223391e+01,2.188669509182415241e-09,1.407970399928184790e-01,5.221929075182487473e-02,2.065558758230333358e-02,-1.361428561453471131e+00,9.238810765540480530e-01
6.236530998660638403e+01,2.186335534720474768e-09,1.379792633867573115e-01,5.199347026940134842e-02,2.074228393125611414e-02,-1.385865869856522048e+00,9.299481037018023644e-01
6.327204840336708003e+01,2.198482139996913439e-09,1.386287527520654317e-01,5.162339248426389693e-02,2.124756279833928119e-02,-1.400816728508353259e+00,9.305814562900478482e-01
6.327204840336708003e+01,2.198482139996913439e-09,1.386287527520654317e-01,5.162339248426389693e-02,2.124756279833928119e-02,-1.400816728508353259e+00,9.305814562900478482e-01
6.386430600198239205e+01,2.206752521256254615e-09,1.404531051918166407e-01,5.179149799627497108e-02,2.125084590781371047e-02,-1.412680372512671978e+00,9.334683304669701975e-01
6.315357039945291717e+01,2.214902264227348716e-09,1.408209373729348846e-01,5.175175532896705843e-02,2.087063589842628672e-02,-1.418094692250315259e+00,9.367325598715883217e-01
6.346656758656168051e+01,2.210408781087777624e-09,1.429277281773012609e-01,5.175224884890038818e-02,2.060008072833267173e-02,-1.396721957001741732e+00,9.324516008180629978e-01
6.346656758656168051e+01,2.210408781087777624e-09,1.429277281773012609e-01,5.175224884890038818e-02,2.060008072833267173e-02,-1.396721957001741732e+00,9.324516008180629978e-01
6.360655912238964760e+01,2.197547225300863032e-09,1.416368916911319997e-01,5.167715584889338853e-02,2.113687710681491985e-02,-1.410849417663506467e+00,9.347355451699635998e-01
6.356610077435524886e+01,2.209400164157077781e-09,1.420643127777415082e-01,5.170341845286419158e-02,2.137491549773391439e-02,-1.422385760833595914e+00,9.344718278541781498e-01
6.356610077435524886e+01,2.209400164157077781e-09,1.420643127777415082e-01,5.170341845286419158e-02,2.137491549773391439e-02,-1.422385760833595914e+00,9.344718278541781498e-01
6.356610077435524886e+01,2.209400164157077781e-09,1.420643127777415082e-01,5.170341845286419158e-02,2.137491549773391439e-02,-1.422385760833595914e+00,9.344718278541781498e-01
6.356610077435524886e+01,2.209400164157077781e-09,1.420643127777415082e-01,5.170341845286419158e-02,2.137491549773391439e-02,-1.422385760833595914e+00,9.344718278541781498e-01
6.356610077435524886e+01,2.209400164157077781e-09,1.420643127777415082e-01,5.170341845286419158e-02,2.137491549773391439e-02,-1.422385760833595914e+00,9.344718278541781498e-01
6.356610077435524886e+01,2.209400164157077781e-09,1.420643127777415082e-01,5.170341845286419158e-02,2.137491549773391439e-02,-1.422385760833595914e+00,9.344718278541781498e-01
6.356610077435524886e+01,2.209400164157077781e-09,1.420643127777415082e-01,5.170341845286419158e-02,2.137491549773391439e-02,-1.422385760833595914e+00,9.344718278541781498e-01
6.356610077435524886e+01,2.209400164157077781e-09,1.420643127777415082e-01,5.170341845286419158e-02,2.137491549773391439e-02,-1.422385760833595914e+00,9.344718278541781498e-01
6.435232735501867296e+01,2.201910018624451566e-09,1.406810733115776424e-01,5.203551348639877394e-02,2.175994719036680042e-02,-1.426718077969787002e+00,9.395521317019921437e-01
6.435232735501867296e+01,2.201910018624451566e-09,1.406810733115776424e-01,5.203551348639877394e-02,2.175994719036680042e-02,-1.426718077969787002e+00,9.395521317019921437e-01
6.435232735501867296e+01,2.201910018624451566e-09,1.406810733115776424e-01,5.203551348639877394e-02,2.175994719036680042e-02,-1.426718077969787002e+00,9.395521317019921437e-01
6.435232735501867296e+01,2.201910018624451566e-09,1.406810733115776424e-01,5.203551348639877394e-02,2.175994719036680042e-02,-1.426718077969787002e+00,9.395521317019921437e-01
6.449835155675701515e+01,2.191932326955288927e-09,1.412730403414127478e-01,5.200773182837843678e-02,2.159026006281252949e-02,-1.430555697052842579e+00,9.384953199151373493e-01
6.359052435813972437e+01,2.205244629436069488e-09,1.406248480851478300e-01,5.235938039433544328e-02,2.154179954448534259e-02,-1.435772532833436088e+00,9.404227814533679952e-01
6.373190303304523496e+01,2.192340913302008660e-09,1.418744686826788892e-01,5.208041083514950570e-02,2.139011102310129503e-02,-1.442073125088074281e+00,9.389012830430939482e-01
6.310345962379888363e+01,2.179463072383532583e-09,1.402224566164312347e-01,5.176814140265828534e-02,2.145974852079939738e-02,-1.435807666159387264e+00,9.342066873682421946e-01
6.310345962379888363e+01,2.179463072383532583e-09,1.402224566164312347e-01,5.176814140265828534e-02,2.145974852079939738e-02,-1.435807666159387264e+00,9.342066873682421946e-01
6.318148448202446588e+01,2.188741392983078628e-09,1.431802637101457498e-01,5.192463929688339447e-02,2.133005535139280776e-02,-1.415315534859103330e+00,9.277072566407198462e-01
6.318148448202446588e+01,2.188741392983078628e-09,1.431802637101457498e-01,5.192463929688339447e-02,2.133005535139280776e-02,-1.415315534859103330e+00,9.277072566407198462e-01
6.318148448202446588e+01,2.188741392983078628e-09,1.431802637101457498e-01,5.192463929688339447e-02,2.133005535139280776e-02,-1.415315534859103330e+00,9.277072566407198462e-01
6.318148448202446588e+01,2.188741392983078628e-09,1.431802637101457498e-01,5.192463929688339447e-02,2.133005535139280776e-02,-1.415315534859103330e+00,9.277072566407198462e-01
6.318148448202446588e+01,2.188741392983078628e-09,1.431802637101457498e-01,5.192463929688339447e-02,2.133005535139280776e-02,-1.415315534859103330e+00,9.277072566407198462e-01
6.389004334228619797e+01,2.176139948083225526e-09,1.423079931636485884e-01,5.188219084872110892e-02,2.089186910113680420e-02,-1.398172619674019179e+00,9.243958971970231975e-01
6.389004334228619797e+01,2.176139948083225526e-09,1.423079931636485884e-01,5.188219084872110892e-02,2.089186910113680420e-02,-1.398172619674019179e+00,9.243958971970231975e-01
6.433913655299562606e+01,2.169472847948725706e-09,1.399404421873059745e-01,5.218602478862774396e-02,2.051365867270828550e-02,-1.384019272663970845e+00,9.225579821190095231e-01
6.433913655299562606e+01,2.169472847948725706e-09,1.399404421873059745e-01,5.218602478862774396e-02,2.051365867270828550e-02,-1.384019272663970845e+00,9.225579821190095231e-01
6.433913655299562606e+01,2.169472847948725706e-09,1.399404421873059745e-01,5.218602478862774396e-02,2.051365867270828550e-02,-1.384019272663970845e+00,9.225579821190095231e-01
6.433913655299562606e+01,2.169472847948725706e-09,1.399404421873059745e-01,5.218602478862774396e-02,2.051365867270828550e-02,-1.384019272663970845e+00,9.225579821190095231e-01
6.433913655299562606e+01,2.169472847948725706e-09,1.399404421873059745e-01,5.218602478862774396e-02,2.051365867270828550e-02,-1.384019272663970845e+00,9.225579821190095231e-01
6.433913655299562606e+01,2.169472847948725706e-09,1.399404421873059745e-01,5.218602478862774396e-02,2.051365867270828550e-02,-1.384019272663970845e+00,9.225579821190095231e-01
6.433913655299562606e+01,2.169472847948725706e-09,1.399404421873059745e-01,5.218602478862774396e-02,2.051365867270828550e-02,-1.384019272663970845e+00,9.225579821190095231e-01
6.465987052084031461e+01,2.168541112000735478e-09,1.389221892886853271e-01,5.243859612454544045e-02,2.017280796870849283e-02,-1.385236110610849503e+00,9.161436141587638859e-01
6.465987052084031461e+01,2.168541112000735478e-09,1.389221892886853271e-01,5.243859612454544045e-02,2.017280796870849283e-02,-1.385236110610849503e+00,9.161436141587638859e-01
6.395587479019172861e+01,2.154228335705212047e-09,1.384705242029821426e-01,5.279605897799717618e-02,2.028007290522206713e-02,-1.406428705221868025e+00,9.159008746238522791e-01
6.395587479019172861e+01,2.154228335705212047e-09,1.384705242029821426e-01,5.279605897799717618e-02,2.028007290522206713e-02,-1.406428705221868025e+00,9.159008746238522791e-01
6.450385817334181127e+01,2.148965400931577895e-09,1.358855365143175065e-01,5.253337517181067007e-02,2.070175353055478742e-02,-1.396035121499767717e+00,9.151309624982219004e-01
6.541134255661928876e+01,2.153664988976957374e-09,1.349220120524418920e-01,5.216062424833720068e-02,2.070016639970609015e-02,-1.401010776870084795e+00,9.079659705068219289e-01
6.541134255661928876e+01,2.153664988976957374e-09,1.349220120524418920e-01,5.216062424833720068e-02,2.070016639970609015e-02,-1.401010776870084795e+00,9.079659705068219289e-01
6.541134255661928876e+01,2.153664988976957374e-09,1.349220120524418920e-01,5.216062424833720068e-02,2.070016639970609015e-02,-1.401010776870084795e+00,9.079659705068219289e-01
6.600918055323340639e+01,2.144718089108351396e-09,1.345646813131426700e-01,5.234343597649266516e-02,2.053943715844929602e-02,-1.409980810679621888e+00,9.050105279677915782e-01
6.600918055323340639e+01,2.144718089108351396e-09,1.345646813131426700e-01,5.234343597649266516e-02,2.053943715844929602e-02,-1.409980810679621888e+00,9.050105279677915782e-01
6.672887648417710693e+01,2.156837952546811699e-09,1.337860585155495330e-01,5.212001954202628851e-02,2.057412489640495987e-02,-1.401896145297333085e+00,9.053847574879693161e-01
6.672887648417710693e+01,2.156837952546811699e-09,1.337860585155495330e-01,5.212001954202628851e-02,2.057412489640495987e-02,-1.401896145297333085e+00,9.053847574879693161e-01
6.583160861022685140e+01,2.151469422829568275e-09,1.365985205766166166e-01,5.231927886669918842e-02,2.084848840180852231e-02,-1.388708531414791558e+00,9.077888407611457433e-01
6.578401336048858639e+01,2.160547654444898888e-09,1.362431169924641361e-01,5.212532550936180981e-02,2.036312307034688490e-02,-1.394686783000553154e+00,9.136843072895391993e-01
6.578401336048858639e+01,2.160547654444898888e-09,1.362431169924641361e-01,5.212532550936180981e-02,2.036312307034688490e-02,-1.394686783000553154e+00,9.136843072895391993e-01
6.578401336048858639e+01,2.160547654444898888e-09,1.362431169924641361e-01,5.212532550936180981e-02,2.036312307034688490e-02,-1.394686783000553154e+00,9.136843072895391993e-01
6.670112436365005237e+01,2.166268118377675590e-09,1.360294992207544129e-01,5.180952612540883767e-02,2.066777989287705078e-02,-1.395344347357288184e+00,9.151395497935937984e-01
6.734605928365448335e+01,2.157126532293663090e-09,1.349127221735918758e-01,5.171419884056123462e-02,2.081122535275845356e-02,-1.383059514924730671e+00,9.193498073427061046e-01
6.734605928365448335e+01,2.157126532293663090e-09,1.349127221735918758e-01,5.171419884056123462e-02,2.081122535275845356e-02,-1.383059514924730671e+00,9.193498073427061046e-01
6.734605928365448335e+01,2.157126532293663090e-09,1.349127221735918758e-01,5.171419884056123462e-02,2.081122535275845356e-02,-1.383059514924730671e+00,9.193498073427061046e-01
6.694018915548186044e+01,2.148918034028923972e-09,1.358048546119606792e-01,5.157054382407556814e-02,2.068209602857772750e-02,-1.404749711321838124e+00,9.234681955363516215e-01
6.761211308311933976e+01,2.137764884820039014e-09,1.359352802359188872e-01,5.193819695473653186e-02,2.054211880321235931e-02,-1.409406980792897501e+00,9.169154509341678194e-01
6.732214137688147559e+01,2.133096528928133630e-09,1.351060495111094661e-01,5.200656514354990573e-02,2.015214415688809657e-02,-1.432587371956115074e+00,9.227373510581994287e-01
6.732214137688147559e+01,2.133096528928133630e-09,1.351060495111094661e-01,5.200656514354990573e-02,2.015214415688809657e-02,-1.432587371956115074e+00,9.227373510581994287e-01
6.732214137688147559e+01,2.133096528928133630e-09,1.351060495111094661e-01,5.200656514354990573e-02,2.015214415688809657e-02,-1.432587371956115074e+00,9.227373510581994287e-01
6.732214137688147559e+01,2.133096528928133630e-09,1.351060495111094661e-01,5.200656514354990573e-02,2.015214415688809657e-02,-1.432587371956115074e+00,9.227373510581994287e-01
6.732214137688147559e+01,2.133096528928133630e-09,1.351060495111094661e-01,5.200656514354990573e-02,2.015214415688809657e-02,-1.432587371956115074e+00,9.227373510581994287e-01
6.811776620908068480e+01,2.140934689048480467e-09,1.356234512882174559e-01,5.169884234085560248e-02,2.029233632367154205e-02,-1.420931648476517095e+00,9.208355513222746813e-01
6.739947971235929458e+01,2.131663131040242635e-09,1.349792987715879578e-01,5.172214786397170277e-02,2.007894380757470343e-02,-1.431305232627705371e+00,9.163348561932980196e-01
6.757214087192932084e+01,2.136250551066439410e-09,1.353955842322325520e-01,5.201762994983796795e-02,2.007196083582017329e-02,-1.426937053021274160e+00,9.090853403563403656e-01
6.757214087192932084e+01,2.136250551066439410e-09,1.353955842322325520e-01,5.201762994983796795e-02,2.007196083582017329e-02,-1.426937053021274160e+00,9.090853403563403656e-01
6.757214087192932084e+01,2.136250551066439410e-09,1.353955842322325520e-01,5.201762994983796795e-02,2.007196083582017329e-02,-1.426937053021274160e+00,9.090853403563403656e-01
6.800242141110030047e+01,2.136568682530099520e-09,1.352292557937301853e-01,5.204048318244434979e-02,2.012547545165874543e-02,-1.419685401760649279e+00,9.047466751364864335e-01
6.800242141110030047e+01,2.136568682530099520e-09,1.352292557937301853e-01,5.204048318244434979e-02,2.012547545165874543e-02,-1.419685401760649279e+00,9.047466751364864335e-01
6.800242141110030047e+01,2.136568682530099520e-09,1.352292557937301853e-01,5.204048318244434979e-02,2.012547545165874543e-02,-1.419685401760649279e+00,9.047466751364864335e-01
6.800242141110030047e+01,2.136568682530099520e-09,1.352292557937301853e-01,5.204048318244434979e-02,2.012547545165874543e-02,-1.419685401760649279e+00,9.047466751364864335e-01
6.800242141110030047e+01,2.136568682530099520e-09,1.352292557937301853e-01,5.204048318244434979e-02,2.012547545165874543e-02,-1.419685401760649279e+00,9.047466751364864335e-01
6.800242141110030047e+01,2.136568682530099520e-09,1.352292557937301853e-01,5.204048318244434979e-02,2.012547545165874543e-02,-1.419685401760649279e+00,9.047466751364864335e-01
6.800242141110030047e+01,2.136568682530099520e-09,1.352292557937301853e-01,5.204048318244434979e-02,2.012547545165874543e-02,-1.419685401760649279e+00,9.047466751364864335e-01
6.800242141110030047e+01,2.136568682530099520e-09,1.352292557937301853e-01,5.204048318244434979e-02,2.012547545165874543e-02,-1.419685401760649279e+00,9.047466751364864335e-01
6.865442669428448141e+01,2.139739141176031825e-09,1.370379131615298007e-01,5.209206273604394255e-02,2.001615351199919485e-02,-1.399608950248620864e+00,9.118624078023844781e-01
6.865442669428448141e+01,2.139739141176031825e-09,1.370379131615298007e-01,5.209206273604394255e-02,2.001615351199919485e-02,-1.399608950248620864e+00,9.118624078023844781e-01
6.851240583812730733e+01,2.135819701548708424e-09,1.346416570528588263e-01,5.215629966147791730e-02,2.012870421005057836e-02,-1.395378717474935915e+00,9.165360642722364393e-01
6.851240583812730733e+01,2.135819701548708424e-09,1.346416570528588263e-01,5.215629966147791730e-02,2.012870421005057836e-02,-1.395378717474935915e+00,9.165360642722364393e-01
6.851240583812730733e+01,2.135819701548708424e-09,1.346416570528588263e-01,5.215629966147791730e-02,2.012870421005057836e-02,-1.395378717474935915e+00,9.165360642722364393e-01
6.949292758011199567e+01,2.144437601838010366e-09,1.352745371248889883e-01,5.184159646996393950e-02,2.037446958568313662e-02,-1.412501220734618590e+00,9.210493731698411457e-01
7.016445197009919355e+01,2.152214613292082488e-09,1.355991473127973468e-01,5.179631669378745307e-02,2.061366327368262599e-02,-1.417502890237268387e+00,9.246643730399186634e-01
6.979408407923983759e+01,2.152061570375931952e-09,1.339625841482950663e-01,5.176392606135864910e-02,2.012680378042571924e-02,-1.400916462395459527e+00,9.199533434705730039e-01
6.979408407923983759e+01,2.152061570375931952e-09,1.339625841482950663e-01,5.176392606135864910e-02,2.012680378042571924e-02,-1.400916462395459527e+00,9.199533434705730039e-01
6.979408407923983759e+01,2.152061570375931952e-09,1.339625841482950663e-01,5.176392606135864910e-02,2.012680378042571924e-02,-1.400916462395459527e+00,9.199533434705730039e-01
6.979408407923983759e+01,2.152061570375931952e-09,1.339625841482950663e-01,5.176392606135864910e-02,2.012680378042571924e-02,-1.400916462395459527e+00,9.199533434705730039e-01
6.979408407923983759e+01,2.152061570375931952e-09,1.339625841482950663e-01,5.176392606135864910e-02,2.012680378042571924e-02,-1.400916462395459527e+00,9.199533434705730039e-01
6.968391122694174555e+01,2.157730910218126983e-09,1.344255914958413511e-01,5.161906690676354437e-02,2.016834967397972134e-02,-1.422449568017574606e+00,9.201785556749827455e-01
6.968391122694174555e+01,2.157730910218126983e-09,1.344255914958413511e-01,5.161906690676354437e-02,2.016834967397972134e-02,-1.422449568017574606e+00,9.201785556749827455e-01
6.968391122694174555e+01,2.157730910218126983e-09,1.344255914958413511e-01,5.161906690676354437e-02,2.016834967397972134e-02,-1.422449568017574606e+00,9.201785556749827455e-01
6.968391122694174555e+01,2.157730910218126983e-09,1.344255914958413511e-01,5.161906690676354437e-02,2.016834967397972134e-02,-1.422449568017574606e+00,9.201785556749827455e-01
6.968391122694174555e+01,2.157730910218126983e-09,1.344255914958413511e-01,5.161906690676354437e-02,2.016834967397972134e-02,-1.422449568017574606e+00,9.201785556749827455e-01
6.997890578540967965e+01,2.153610217091452763e-09,1.344789401359422210e-01,5.176477946751954079e-02,2.000085205635473984e-02,-1.447019983457144443e+00,9.128194682828135731e-01
6.997890578540967965e+01,2.153610217091452763e-09,1.344789401359422210e-01,5.176477946751954079e-02,2.000085205635473984e-02,-1.447019983457144443e+00,9.128194682828135731e-01
6.923101335131012490e+01,2.142924024054868726e-09,1.322758544326589625e-01,5.139765744905163553e-02,1.981066883604366835e-02,-1.471440632569827489e+00,9.123549764663276829e-01
6.977890692937894812e+01,2.154577395063100951e-09,1.329625445854814292e-01,5.111562312583121936e-02,1.995169861245293247e-02,-1.477779934214753288e+00,9.195983208590209346e-01
6.899723314532252516e+01,2.151387198692805122e-09,1.338960704715257410e-01,5.114909206073878917e-02,1.973589959780063310e-02,-1.483703044778874158e+00,9.193687099724338063e-01
6.944026118589997054e+01,2.148339896321529074e-09,1.342561689310782513e-01,5.101166032750706347e-02,2.017842983633970355e-02,-1.471492361946032945e+00,9.128171403392424388e-01
6.914552481216513513e+01,2.134443945886474180e-09,1.329721631027072914e-01,5.115510912648795622e-02,2.015896122577295196e-02,-1.475701995101494690e+00,9.196998656181442078e-01
6.914552481216513513e+01,2.134443945886474180e-09,1.329721631027072914e-01,5.115510912648795622e-02,2.015896122577295196e-02,-1.475701995101494690e+00,9.196998656181442078e-01
6.914552481216513513e+01,2.134443945886474180e-09,1.329721631027072914e-01,5.115510912648795622e-02,2.015896122577295196e-02,-1.475701995101494690e+00,9.196998656181442078e-01
6.881993794554377075e+01,2.145104586337986995e-09,1.337151965942181553e-01,5.085417932089513621e-02,2.024555617112079597e-02,-1.459478542543606094e+00,9.141463429223876114e-01
6.881993794554377075e+01,2.145104586337986995e-09,1.337151965942181553e-01,5.085417932089513621e-02,2.024555617112079597e-02,-1.459478542543606094e+00,9.141463429223876114e-01
6.877322480092146861e+01,2.158743099367908372e-09,1.362530959337469594e-01,5.058822931855395943e-02,1.991537718310258318e-02,-1.464310194517230324e+00,9.201791402686481103e-01
6.877322480092146861e+01,2.158743099367908372e-09,1.362530959337469594e-01,5.058822931855395943e-02,1.991537718310258318e-02,-1.464310194517230324e+00,9.201791402686481103e-01
6.810014000946266322e+01,2.144560521845717182e-09,1.358116283542645797e-01,5.047351174629772369e-02,1.962990658344716116e-02,-1.487772526854045374e+00,9.204304979978612522e-01
6.742589709355785033e+01,2.148809942772641469e-09,1.347866200226737754e-01,5.032091075667346342e-02,2.012419167892745553e-02,-1.489284014482331164e+00,9.154401688509434809e-01
6.742589709355785033e+01,2.148809942772641469e-09,1.347866200226737754e-01,5.032091075667346342e-02,2.012419167892745553e-02,-1.489284014482331164e+00,9.154401688509434809e-01
6.781004445456871110e+01,2.149309605192715395e-09,1.323071469402952172e-01,5.000952382317780387e-02,2.058383757077079587e-02,-1.475116237809437569e+00,9.218160929528979031e-01
6.804237296831753667e+01,2.142410168878684695e-09,1.343502519373882820e-01,4.961180408257061941e-02,2.056636455988256409e-02,-1.484595849127472444e+00,9.258752333329012263e-01
6.804237296831753667e+01,2.142410168878684695e-09,1.343502519373882820e-01,4.961180408257061941e-02,2.056636455988256409e-02,-1.484595849127472444e+00,9.258752333329012263e-01
6.787639478409651872e+01,2.151363304927455476e-09,1.351604611364946584e-01,4.945266002357132096e-02,2.043181421510319520e-02,-1.489783176160934586e+00,9.318206370845663056e-01
6.884350358464904218e+01,2.144662213167741547e-09,1.324073303316166683e-01,4.957834002178290039e-02,2.073996030626000173e-02,-1.469178851249133722e+00,9.387511208174855737e-01
6.794823184197811372e+01,2.133760604166390114e-09,1.321757093655818449e-01,4.960046808852597994e-02,2.061216383569489802e-02,-1.471717212795786933e+00,9.331904625319684676e-01
6.831798231670050825e+01,2.142398864215459075e-09,1.350834048625310646e-01,4.985941778885045333e-02,2.018890862093680044e-02,-1.451199295331317307e+00,9.354115102914796198e-01
6.831798231670050825e+01,2.142398864215459075e-09,1.350834048625310646e-01,4.985941778885045333e-02,2.018890862093680044e-02,-1.451199295331317307e+00,9.354115102914796198e-01
6.913440381455994554e+01,2.129116527868336366e-09,1.324398270193165028e-01,5.001553105641930175e-02,1.971504816055433956e-02,-1.462666336159913261e+00,9.309295265345407522e-01
6.913440381455994554e+01,2.129116527868336366e-09,1.324398270193165028e-01,5.001553105641930175e-02,1.971504816055433956e-02,-1.462666336159913261e+00,9.309295265345407522e-01
6.913440381455994554e+01,2.129116527868336366e-09,1.324398270193165028e-01,5.001553105641930175e-02,1.971504816055433956e-02,-1.462666336159913261e+00,9.309295265345407522e-01
6.913440381455994554e+01,2.129116527868336366e-09,1.324398270193165028e-01,5.001553105641930175e-02,1.971504816055433956e-02,-1.462666336159913261e+00,9.309295265345407522e-01
6.913440381455994554e+01,2.129116527868336366e-09,1.324398270193165028e-01,5.001553105641930175e-02,1.971504816055433956e-02,-1.462666336159913261e+00,9.309295265345407522e-01
6.825753560267799003e+01,2.115322777661024052e-09,1.319051958088541254e-01,4.990683583948377078e-02,1.966172794557097606e-02,-1.483801381195365865e+00,9.343163445231715825e-01
6.825753560267799003e+01,2.115322777661024052e-09,1.319051958088541254e-01,4.990683583948377078e-02,1.966172794557097606e-02,-1.483801381195365865e+00,9.343163445231715825e-01
6.825753560267799003e+01,2.115322777661024052e-09,1.319051958088541254e-01,4.990683583948377078e-02,1.966172794557097606e-02,-1.483801381195365865e+00,9.343163445231715825e-01
6.825753560267799003e+01,2.115322777661024052e-09,1.319051958088541254e-01,4.990683583948377078e-02,1.966172794557097606e-02,-1.483801381195365865e+00,9.343163445231715825e-01
6.868178307789858650e+01,2.119417246653663228e-09,1.333949692291444278e-01,4.952521472130660962e-02,1.949464524853183542e-02,-1.471223327043865936e+00,9.337788615203925779e-01
6.868178307789858650e+01,2.119417246653663228e-09,1.333949692291444278e-01,4.952521472130660962e-02,1.949464524853183542e-02,-1.471223327043865936e+00,9.337788615203925779e-01
6.868178307789858650e+01,2.119417246653663228e-09,1.333949692291444278e-01,4.952521472130660962e-02,1.949464524853183542e-02,-1.471223327043865936e+00,9.337788615203925779e-01
6.848434724215695724e+01,2.111709731301659453e-09,1.333589909096821735e-01,4.915194356033467105e-02,1.960985639281838389e-02,-1.463641545456862092e+00,9.326076495558435209e-01
6.792443600201040965e+01,2.114938712187900559e-09,1.317148939507676864e-01,4.928699089150534451e-02,1.946033641450520615e-02,-1.479838635017337367e+00,9.273327432917443103e-01
6.792443600201040965e+01,2.114938712187900559e-09,1.317148939507676864e-01,4.928699089150534451e-02,1.946033641450520615e-02,-1.479838635017337367e+00,9.273327432917443103e-01
6.741244848012000546e+01,2.111392993629680902e-09,1.341676608969153417e-01,4.903482820952323462e-02,1.955514815713358528e-02,-1.493721189417332118e+00,9.211756123489226455e-01
6.741244848012000546e+01,2.111392993629680902e-09,1.341676608969153417e-01,4.903482820952323462e-02,1.955514815713358528e-02,-1.493721189417332118e+00,9.211756123489226455e-01
6.741244848012000546e+01,2.111392993629680902e-09,1.341676608969153417e-01,4.903482820952323462e-02,1.955514815713358528e-02,-1.493721189417332118e+00,9.211756123489226455e-01
6.771132741718042780e+01,2.124608398329232965e-09,1.332933684617891301e-01,4.883481817032610250e-02,1.964574647684379574e-02,-1.487818828959797557e+00,9.233547226512742734e-01
6.705215545990685655e+01,2.111426045695441014e-09,1.309398095081615587e-01,4.903580348489439827e-02,2.007650452151767129e-02,-1.464457754043567483e+00,9.207190880088863549e-01
6.634711483989040914e+01,2.114579613924235890e-09,1.338245290260529352e-01,4.863598937320437465e-02,2.048930540686889207e-02,-1.485974364327298902e+00,9.189561041224573179e-01
6.632723718866625973e+01,2.119772761583271982e-09,1.329000258669703338e-01,4.861166635529984986e-02,2.066858059623731536e-02,-1.472238970949191872e+00,9.245293759118423660e-01
6.705859913309349452e+01,2.109889228006720671e-09,1.302023356005661270e-01,4.895214184863316137e-02,2.045455416168585547e-02,-1.458536169887395761e+00,9.259056677925089351e-01
6.779365897980268585e+01,2.119647010446656369e-09,1.329216015198400602e-01,4.893943253090747569e-02,1.999196522123667871e-02,-1.465204968192732160e+00,9.237704314040788844e-01
6.779365897980268585e+01,2.119647010446656369e-09,1.329216015198400602e-01,4.893943253090747569e-02,1.999196522123667871e-02,-1.465204968192732160e+00,9.237704314040788844e-01
6.779365897980268585e+01,2.119647010446656369e-09,1.329216015198400602e-01,4.893943253090747569e-02,1.999196522123667871e-02,-1.465204968192732160e+00,9.237704314040788844e-01
6.779365897980268585e+01,2.119647010446656369e-09,1.329216015198400602e-01,4.893943253090747569e-02,1.999196522123667871e-02,-1.465204968192732160e+00,9.237704314040788844e-01
6.744069775935915345e+01,2.123016956230308073e-09,1.349181926169409074e-01,4.876429013910104499e-02,2.048456029887420204e-02,-1.488901939443292743e+00,9.228975713436939898e-01
6.744069775935915345e+01,2.123016956230308073e-09,1.349181926169409074e-01,4.876429013910104499e-02,2.048456029887420204e-02,-1.488901939443292743e+00,9.228975713436939898e-01
6.812120286431958505e+01,2.123032883959295314e-09,1.340519897931441162e-01,4.905792974607854628e-02,2.021949320985101314e-02,-1.491798043256495898e+00,9.228092695795925282e-01
