6.825709921842023675e+01,1.985086010489623122e-09,1.496972140008203667e-01,6.408361972773779502e-02,-2.802421402359166203e-02,-8.660760813963062077e-01,6.565157370025240802e-01,8.647122182449817895e-01
6.808886037714921713e+01,1.971988657529309694e-09,1.491764878034703978e-01,6.387697500349642787e-02,-2.088567975667983412e-02,-8.548847522543020494e-01,5.699172467475875914e-01,8.430986007340875998e-01
6.808886037714921713e+01,1.971988657529309694e-09,1.491764878034703978e-01,6.387697500349642787e-02,-2.088567975667983412e-02,-8.548847522543020494e-01,5.699172467475875914e-01,8.430986007340875998e-01
6.808886037714921713e+01,1.971988657529309694e-09,1.491764878034703978e-01,6.387697500349642787e-02,-2.088567975667983412e-02,-8.548847522543020494e-01,5.699172467475875914e-01,8.430986007340875998e-01
6.808886037714921713e+01,1.971988657529309694e-09,1.491764878034703978e-01,6.387697500349642787e-02,-2.088567975667983412e-02,-8.548847522543020494e-01,5.699172467475875914e-01,8.430986007340875998e-01
6.808886037714921713e+01,1.971988657529309694e-09,1.491764878034703978e-01,6.387697500349642787e-02,-2.088567975667983412e-02,-8.548847522543020494e-01,5.699172467475875914e-01,8.430986007340875998e-01
6.880392808658059778e+01,1.986181623756864132e-09,1.479423996804326291e-01,6.270287498913029722e-02,-2.714049145084108244e-02,-8.572259867628441166e-01,4.761707444947985701e-01,8.524587192792792978e-01
6.880392808658059778e+01,1.986181623756864132e-09,1.479423996804326291e-01,6.270287498913029722e-02,-2.714049145084108244e-02,-8.572259867628441166e-01,4.761707444947985701e-01,8.524587192792792978e-01
6.880392808658059778e+01,1.986181623756864132e-09,1.479423996804326291e-01,6.270287498913029722e-02,-2.714049145084108244e-02,-8.572259867628441166e-01,4.761707444947985701e-01,8.524587192792792978e-01
6.880392808658059778e+01,1.986181623756864132e-09,1.479423996804326291e-01,6.270287498913029722e-02,-2.714049145084108244e-02,-8.572259867628441166e-01,4.761707444947985701e-01,8.524587192792792978e-01
6.952252092047226029e+01,1.993183334582660917e-09,1.471453451407966628e-01,6.336656623920430831e-02,-1.779726389299624706e-02,-8.545885541993955004e-01,5.124453292326859311e-01,8.559297680746448256e-01
6.952252092047226029e+01,1.993183334582660917e-09,1.471453451407966628e-01,6.336656623920430831e-02,-1.779726389299624706e-02,-8.545885541993955004e-01,5.124453292326859311e-01,8.559297680746448256e-01
6.993414592117137829e+01,1.990961524584574582e-09,1.451244442635206411e-01,6.349202288796433613e-02,-1.282863469910680392e-02,-8.813863037729321448e-01,4.459009042322392147e-01,8.309610174176512709e-01
6.993414592117137829e+01,1.990961524584574582e-09,1.451244442635206411e-01,6.349202288796433613e-02,-1.282863469910680392e-02,-8.813863037729321448e-01,4.459009042322392147e-01,8.309610174176512709e-01
6.923531495468058949e+01,2.005445179509209311e-09,1.475719953922706162e-01,6.206027063765483937e-02,-1.395313359638846416e-02,-8.803060755340684773e-01,4.645265049896716847e-01,8.338345528940525053e-01
6.923531495468058949e+01,2.005445179509209311e-09,1.475719953922706162e-01,6.206027063765483937e-02,-1.395313359638846416e-02,-8.803060755340684773e-01,4.645265049896716847e-01,8.338345528940525053e-01
6.923531495468058949e+01,2.005445179509209311e-09,1.475719953922706162e-01,6.206027063765483937e-02,-1.395313359638846416e-02,-8.803060755340684773e-01,4.645265049896716847e-01,8.338345528940525053e-01
6.975362672767518291e+01,2.009532794014073842e-09,1.492565511398081524e-01,6.141887137855904510e-02,-1.214328997402449976e-02,-9.025335420873934478e-01,4.902777763852998461e-01,8.482876079307928308e-01
6.984138557913318834e+01,2.016522157748188643e-09,1.487569371449593558e-01,6.202700389251667584e-02,-2.446810542585173623e-03,-9.066315068127068777e-01,3.930434264891878859e-01,8.722698486977055188e-01
7.019959948993161447e+01,2.026070435488944587e-09,1.481838274029746161e-01,6.060560728706522460e-02,7.007907363027763084e-03,-8.919202928690870280e-01,3.173089638557511916e-01,8.801057044679947428e-01
7.019959948993161447e+01,2.026070435488944587e-09,1.481838274029746161e-01,6.060560728706522460e-02,7.007907363027763084e-03,-8.919202928690870280e-01,3.173089638557511916e-01,8.801057044679947428e-01
7.019559342581895578e+01,2.029973658335009028e-09,1.482727029890253678e-01,6.018067575437283101e-02,1.192966873306541310e-02,-9.090846129146700205e-01,4.121134862440564151e-01,8.653454882429628681e-01
6.965416692616497585e+01,2.037992599074021258e-09,1.505812422465704070e-01,6.022866106137763492e-02,1.680835900526787483e-02,-9.042542993364408588e-01,3.914307964334893808e-01,8.449310009459881643e-01
6.965416692616497585e+01,2.037992599074021258e-09,1.505812422465704070e-01,6.022866106137763492e-02,1.680835900526787483e-02,-9.042542993364408588e-01,3.914307964334893808e-01,8.449310009459881643e-01
6.965416692616497585e+01,2.037992599074021258e-09,1.505812422465704070e-01,6.022866106137763492e-02,1.680835900526787483e-02,-9.042542993364408588e-01,3.914307964334893808e-01,8.449310009459881643e-01
6.936116331744732122e+01,2.040457589354220117e-09,1.510240561540602822e-01,5.862574505264199487e-02,1.433817267928974917e-02,-9.259590397519155136e-01,2.968555279589122353e-01,8.373287029843481388e-01
6.936116331744732122e+01,2.040457589354220117e-09,1.510240561540602822e-01,5.862574505264199487e-02,1.433817267928974917e-02,-9.259590397519155136e-01,2.968555279589122353e-01,8.373287029843481388e-01
6.928635409951793633e+01,2.046378074388990143e-09,1.497954658529449257e-01,5.707964634157629974e-02,1.892254550337956268e-02,-8.984237933871417336e-01,2.436608573275108325e-01,8.220845708966272314e-01
6.948962533796566277e+01,2.050967097324658748e-09,1.477880556435340609e-01,5.523459696984948930e-02,2.293894228390859491e-02,-8.866109546771187011e-01,1.550165720720835805e-01,8.147301764258532142e-01
6.948962533796566277e+01,2.050967097324658748e-09,1.477880556435340609e-01,5.523459696984948930e-02,2.293894228390859491e-02,-8.866109546771187011e-01,1.550165720720835805e-01,8.147301764258532142e-01
6.926055551936991606e+01,2.052110071145181887e-09,1.475616314393451145e-01,5.325403741470520480e-02,2.045612224865927392e-02,-8.768004914056399812e-01,9.857837206946068465e-02,8.368099786403194740e-01
6.926055551936991606e+01,2.052110071145181887e-09,1.475616314393451145e-01,5.325403741470520480e-02,2.045612224865927392e-02,-8.768004914056399812e-01,9.857837206946068465e-02,8.368099786403194740e-01
6.926055551936991606e+01,2.052110071145181887e-09,1.475616314393451145e-01,5.325403741470520480e-02,2.045612224865927392e-02,-8.768004914056399812e-01,9.857837206946068465e-02,8.368099786403194740e-01
6.894645237072496968e+01,2.066372137946478417e-09,1.486421046786556566e-01,5.269525277117683565e-02,2.381327864382685663e-02,-8.899284960348866624e-01,5.291142374054910724e-03,8.607900448206307065e-01
6.923772145352442919e+01,2.064295701438151381e-09,1.460235928016920537e-01,5.116373718523856140e-02,2.939255875213209190e-02,-9.066448511036476754e-01,-6.556017815753417688e-02,8.874654105178969576e-01
6.923772145352442919e+01,2.064295701438151381e-09,1.460235928016920537e-01,5.116373718523856140e-02,2.939255875213209190e-02,-9.066448511036476754e-01,-6.556017815753417688e-02,8.874654105178969576e-01
6.889449140187693388e+01,2.075822420632957777e-09,1.454694941594431856e-01,5.254715458923385485e-02,3.116422877529488600e-02,-8.825696926658160857e-01,2.799956415749529914e-02,8.696932079551918937e-01
6.889449140187693388e+01,2.075822420632957777e-09,1.454694941594431856e-01,5.254715458923385485e-02,3.116422877529488600e-02,-8.825696926658160857e-01,2.799956415749529914e-02,8.696932079551918937e-01
6.889449140187693388e+01,2.075822420632957777e-09,1.454694941594431856e-01,5.254715458923385485e-02,3.116422877529488600e-02,-8.825696926658160857e-01,2.799956415749529914e-02,8.696932079551918937e-01
6.854536289556521922e+01,2.089069706063924598e-09,1.440225247443142620e-01,5.375098083653532394e-02,2.758655434817072066e-02,-8.602007630786371317e-01,1.039438230856038897e-01,8.525725641983397107e-01
6.854536289556521922e+01,2.089069706063924598e-09,1.440225247443142620e-01,5.375098083653532394e-02,2.758655434817072066e-02,-8.602007630786371317e-01,1.039438230856038897e-01,8.525725641983397107e-01
6.854536289556521922e+01,2.089069706063924598e-09,1.440225247443142620e-01,5.375098083653532394e-02,2.758655434817072066e-02,-8.602007630786371317e-01,1.039438230856038897e-01,8.525725641983397107e-01
6.867887176337036692e+01,2.097298623259649795e-09,1.430639504405921691e-01,5.313747110666028339e-02,3.659466513771514329e-02,-8.583932576174410078e-01,6.713895320236393238e-02,8.580347247525396126e-01
6.906799168709115122e+01,2.085196205275390497e-09,1.433299071319270590e-01,5.204194571026026644e-02,3.427674042700538243e-02,-8.672284960550941113e-01,8.149003376298180612e-02,8.794057140503882541e-01
6.906799168709115122e+01,2.085196205275390497e-09,1.433299071319270590e-01,5.204194571026026644e-02,3.427674042700538243e-02,-8.672284960550941113e-01,8.149003376298180612e-02,8.794057140503882541e-01
6.974110255350598209e+01,2.094209543661112938e-09,1.434841858265009096e-01,5.118049541476225872e-02,3.613893342999532216e-02,-8.415435014400767244e-01,7.624144532383247963e-04,8.675784328920752575e-01
6.974110255350598209e+01,2.094209543661112938e-09,1.434841858265009096e-01,5.118049541476225872e-02,3.613893342999532216e-02,-8.415435014400767244e-01,7.624144532383247963e-04,8.675784328920752575e-01
6.974110255350598209e+01,2.094209543661112938e-09,1.434841858265009096e-01,5.118049541476225872e-02,3.613893342999532216e-02,-8.415435014400767244e-01,7.624144532383247963e-04,8.675784328920752575e-01
6.974110255350598209e+01,2.094209543661112938e-09,1.434841858265009096e-01,5.118049541476225872e-02,3.613893342999532216e-02,-8.415435014400767244e-01,7.624144532383247963e-04,8.675784328920752575e-01
6.974110255350598209e+01,2.094209543661112938e-09,1.434841858265009096e-01,5.118049541476225872e-02,3.613893342999532216e-02,-8.415435014400767244e-01,7.624144532383247963e-04,8.675784328920752575e-01
6.906452958702233502e+01,2.105084343330730657e-09,1.432614430407949946e-01,5.024421646099597183e-02,3.837709788326033877e-02,-8.379175074646895149e-01,-3.153020096847951315e-02,8.559210862461794633e-01
6.906452958702233502e+01,2.105084343330730657e-09,1.432614430407949946e-01,5.024421646099597183e-02,3.837709788326033877e-02,-8.379175074646895149e-01,-3.153020096847951315e-02,8.559210862461794633e-01
6.918156015448424512e+01,2.117071735707034268e-09,1.450536562632880333e-01,4.838576007139790136e-02,3.008378369096685254e-02,-8.274852525242387680e-01,-9.595538347207348273e-02,8.641643237085543383e-01
6.918156015448424512e+01,2.117071735707034268e-09,1.450536562632880333e-01,4.838576007139790136e-02,3.008378369096685254e-02,-8.274852525242387680e-01,-9.595538347207348273e-02,8.641643237085543383e-01
6.918156015448424512e+01,2.117071735707034268e-09,1.450536562632880333e-01,4.838576007139790136e-02,3.008378369096685254e-02,-8.274852525242387680e-01,-9.595538347207348273e-02,8.641643237085543383e-01
6.918156015448424512e+01,2.117071735707034268e-09,1.450536562632880333e-01,4.838576007139790136e-02,3.008378369096685254e-02,-8.274852525242387680e-01,-9.595538347207348273e-02,8.641643237085543383e-01
6.918156015448424512e+01,2.117071735707034268e-09,1.450536562632880333e-01,4.838576007139790136e-02,3.008378369096685254e-02,-8.274852525242387680e-01,-9.595538347207348273e-02,8.641643237085543383e-01
6.888707378687014682e+01,2.130337123647115317e-09,1.430027382035234662e-01,4.817959245120832096e-02,3.142560611978055529e-02,-8.332957412415014087e-01,-1.711152079337138754e-02,8.507397835916156170e-01
6.888707378687014682e+01,2.130337123647115317e-09,1.430027382035234662e-01,4.817959245120832096e-02,3.142560611978055529e-02,-8.332957412415014087e-01,-1.711152079337138754e-02,8.507397835916156170e-01
6.948315646229339393e+01,2.120703781807778633e-09,1.440005372455832044e-01,4.647129448459465240e-02,3.098188604896042614e-02,-8.441737740415217184e-01,1.262746571908739818e-02,8.636023157357791691e-01
6.948315646229339393e+01,2.120703781807778633e-09,1.440005372455832044e-01,4.647129448459465240e-02,3.098188604896042614e-02,-8.441737740415217184e-01,1.262746571908739818e-02,8.636023157357791691e-01
6.938125103190510856e+01,2.114776551414438468e-09,1.440744660271099098e-01,4.787447970631231869e-02,3.859171577346184184e-02,-8.666530782107526587e-01,8.278080732852610701e-02,8.763565499497398825e-01
6.938125103190510856e+01,2.114776551414438468e-09,1.440744660271099098e-01,4.787447970631231869e-02,3.859171577346184184e-02,-8.666530782107526587e-01,8.278080732852610701e-02,8.763565499497398825e-01
6.882264077559749182e+01,2.125830059630401379e-09,1.410791727293088937e-01,4.624398896223787248e-02,4.221179957799314764e-02,-8.725164388830937146e-01,1.771579146689115369e-01,9.029057258522273921e-01
6.882264077559749182e+01,2.125830059630401379e-09,1.410791727293088937e-01,4.624398896223787248e-02,4.221179957799314764e-02,-8.725164388830937146e-01,1.771579146689115369e-01,9.029057258522273921e-01
6.882264077559749182e+01,2.125830059630401379e-09,1.410791727293088937e-01,4.624398896223787248e-02,4.221179957799314764e-02,-8.725164388830937146e-01,1.771579146689115369e-01,9.029057258522273921e-01
6.882264077559749182e+01,2.125830059630401379e-09,1.410791727293088937e-01,4.624398896223787248e-02,4.221179957799314764e-02,-8.725164388830937146e-01,1.771579146689115369e-01,9.029057258522273921e-01
6.882264077559749182e+01,2.125830059630401379e-09,1.410791727293088937e-01,4.624398896223787248e-02,4.221179957799314764e-02,-8.725164388830937146e-01,1.771579146689115369e-01,9.029057258522273921e-01
6.878653292274545095e+01,2.133728576509840564e-09,1.425546817153756640e-01,4.656549810484107016e-02,4.088860620374238503e-02,-8.638020835236978057e-01,1.305077916719298292e-01,9.010956156498410863e-01
6.927845151493711739e+01,2.138614151357624656e-09,1.414720110285917487e-01,4.512192535331772253e-02,3.774712759151312852e-02,-8.866281407559006844e-01,1.292949875051451480e-01,9.103805250265102345e-01
6.922894248460713129e+01,2.145739278777153851e-09,1.403615284139305974e-01,4.534148672153506809e-02,3.306604051868358707e-02,-8.839439346472114378e-01,1.580950992647029985e-01,9.349414123232812068e-01
6.916192492929023672e+01,2.142319862505152362e-09,1.375245255421974344e-01,4.432388867446985375e-02,3.939311215913150754e-02,-8.973280338172977544e-01,2.389972680890645462e-01,9.279823261205223384e-01
6.971486142595162505e+01,2.145288435560429651e-09,1.350564290386158939e-01,4.534452809716505578e-02,3.895735754788481192e-02,-8.857238295985508936e-01,3.189891087823215621e-01,9.206880580469014586e-01
6.971486142595162505e+01,2.145288435560429651e-09,1.350564290386158939e-01,4.534452809716505578e-02,3.895735754788481192e-02,-8.857238295985508936e-01,3.189891087823215621e-01,9.206880580469014586e-01
6.971486142595162505e+01,2.145288435560429651e-09,1.350564290386158939e-01,4.534452809716505578e-02,3.895735754788481192e-02,-8.857238295985508936e-01,3.189891087823215621e-01,9.206880580469014586e-01
6.976855903370609724e+01,2.146914449094150535e-09,1.376877448435503415e-01,4.616049597307030766e-02,3.239107942019964215e-02,-9.102142922262265179e-01,2.373952133983213419e-01,9.477274353518470029e-01
6.976855903370609724e+01,2.146914449094150535e-09,1.376877448435503415e-01,4.616049597307030766e-02,3.239107942019964215e-02,-9.102142922262265179e-01,2.373952133983213419e-01,9.477274353518470029e-01
6.976855903370609724e+01,2.146914449094150535e-09,1.376877448435503415e-01,4.616049597307030766e-02,3.239107942019964215e-02,-9.102142922262265179e-01,2.373952133983213419e-01,9.477274353518470029e-01
7.028710872120647934e+01,2.151417392594235018e-09,1.350994182336484606e-01,4.441738215716524441e-02,3.261270731930576705e-02,-8.837760076017876498e-01,2.314999138541560531e-01,9.358859468963770523e-01
7.028710872120647934e+01,2.151417392594235018e-09,1.350994182336484606e-01,4.441738215716524441e-02,3.261270731930576705e-02,-8.837760076017876498e-01,2.314999138541560531e-01,9.358859468963770523e-01
7.028710872120647934e+01,2.151417392594235018e-09,1.350994182336484606e-01,4.441738215716524441e-02,3.261270731930576705e-02,-8.837760076017876498e-01,2.314999138541560531e-01,9.358859468963770523e-01
7.028710872120647934e+01,2.151417392594235018e-09,1.350994182336484606e-01,4.441738215716524441e-02,3.261270731930576705e-02,-8.837760076017876498e-01,2.314999138541560531e-01,9.358859468963770523e-01
7.028710872120647934e+01,2.151417392594235018e-09,1.350994182336484606e-01,4.441738215716524441e-02,3.261270731930576705e-02,-8.837760076017876498e-01,2.314999138541560531e-01,9.358859468963770523e-01
7.022982653701441791e+01,2.137178474630996989e-09,1.321478945950098904e-01,4.244194169372846048e-02,3.344726213627635669e-02,-9.096736428748843917e-01,2.190245383971353987e-01,9.638010246871121511e-01
7.022982653701441791e+01,2.137178474630996989e-09,1.321478945950098904e-01,4.244194169372846048e-02,3.344726213627635669e-02,-9.096736428748843917e-01,2.190245383971353987e-01,9.638010246871121511e-01
7.022345325576793584e+01,2.127027428831500444e-09,1.307071021917878828e-01,4.390755124215629801e-02,2.995560160812765771e-02,-9.207368530056696532e-01,2.690891367591836114e-01,9.738873708447142175e-01
7.022345325576793584e+01,2.127027428831500444e-09,1.307071021917878828e-01,4.390755124215629801e-02,2.995560160812765771e-02,-9.207368530056696532e-01,2.690891367591836114e-01,9.738873708447142175e-01
6.984649909706637061e+01,2.125639902274318290e-09,1.308103342975849570e-01,4.517479928066065603e-02,3.088930541124698670e-02,-9.056125619368861068e-01,2.851276557000075318e-01,9.727796094716267827e-01
6.984649909706637061e+01,2.125639902274318290e-09,1.308103342975849570e-01,4.517479928066065603e-02,3.088930541124698670e-02,-9.056125619368861068e-01,2.851276557000075318e-01,9.727796094716267827e-01
6.984649909706637061e+01,2.125639902274318290e-09,1.308103342975849570e-01,4.517479928066065603e-02,3.088930541124698670e-02,-9.056125619368861068e-01,2.851276557000075318e-01,9.727796094716267827e-01
6.984649909706637061e+01,2.125639902274318290e-09,1.308103342975849570e-01,4.517479928066065603e-02,3.088930541124698670e-02,-9.056125619368861068e-01,2.851276557000075318e-01,9.727796094716267827e-01
6.984649909706637061e+01,2.125639902274318290e-09,1.308103342975849570e-01,4.517479928066065603e-02,3.088930541124698670e-02,-9.056125619368861068e-01,2.851276557000075318e-01,9.727796094716267827e-01
6.984649909706637061e+01,2.125639902274318290e-09,1.308103342975849570e-01,4.517479928066065603e-02,3.088930541124698670e-02,-9.056125619368861068e-01,2.851276557000075318e-01,9.727796094716267827e-01
6.984649909706637061e+01,2.125639902274318290e-09,1.308103342975849570e-01,4.517479928066065603e-02,3.088930541124698670e-02,-9.056125619368861068e-01,2.851276557000075318e-01,9.727796094716267827e-01
6.984649909706637061e+01,2.125639902274318290e-09,1.308103342975849570e-01,4.517479928066065603e-02,3.088930541124698670e-02,-9.056125619368861068e-01,2.851276557000075318e-01,9.727796094716267827e-01
6.984649909706637061e+01,2.125639902274318290e-09,1.308103342975849570e-01,4.517479928066065603e-02,3.088930541124698670e-02,-9.056125619368861068e-01,2.851276557000075318e-01,9.727796094716267827e-01
7.011149443751463650e+01,2.118880593864862414e-09,1.299519473557987359e-01,4.355046416879520405e-02,2.373361126015552033e-02,-9.321250719915188387e-01,2.449984097149622564e-01,9.691642587775782802e-01
7.011149443751463650e+01,2.118880593864862414e-09,1.299519473557987359e-01,4.355046416879520405e-02,2.373361126015552033e-02,-9.321250719915188387e-01,2.449984097149622564e-01,9.691642587775782802e-01
7.008291275737038006e+01,2.110032695932770334e-09,1.300641630349530509e-01,4.436821709219888193e-02,2.393301302291954771e-02,-9.474365692749892043e-01,1.512206348686505053e-01,9.701924724588610882e-01
7.008291275737038006e+01,2.110032695932770334e-09,1.300641630349530509e-01,4.436821709219888193e-02,2.393301302291954771e-02,-9.474365692749892043e-01,1.512206348686505053e-01,9.701924724588610882e-01
7.008291275737038006e+01,2.110032695932770334e-09,1.300641630349530509e-01,4.436821709219888193e-02,2.393301302291954771e-02,-9.474365692749892043e-01,1.512206348686505053e-01,9.701924724588610882e-01
7.050469924345684092e+01,2.113406344757996109e-09,1.300870458539357954e-01,4.304612056378886997e-02,2.224816921994389116e-02,-9.328982596753895296e-01,8.165380596581522932e-02,9.650704455608728471e-01
6.984007197489444252e+01,2.110243237817984712e-09,1.300375972909334765e-01,4.437865007438662052e-02,1.708606563484529883e-02,-9.409260832440911049e-01,7.769192618257578231e-03,9.652342468052933500e-01
6.932327273285839908e+01,2.107423480729086857e-09,1.297405612329574909e-01,4.398422075940747189e-02,1.383737583782548158e-02,-9.315091565267702434e-01,-8.231120125907075147e-02,9.481693116206977301e-01
6.932327273285839908e+01,2.107423480729086857e-09,1.297405612329574909e-01,4.398422075940747189e-02,1.383737583782548158e-02,-9.315091565267702434e-01,-8.231120125907075147e-02,9.481693116206977301e-01
6.930050262882976142e+01,2.109554663550170780e-09,1.287175388328108960e-01,4.285800059384666655e-02,1.363805713408441055e-02,-9.047728619893831148e-01,-1.433737807204580328e-01,9.484017670208467754e-01
6.930050262882976142e+01,2.109554663550170780e-09,1.287175388328108960e-01,4.285800059384666655e-02,1.363805713408441055e-02,-9.047728619893831148e-01,-1.433737807204580328e-01,9.484017670208467754e-01
6.930050262882976142e+01,2.109554663550170780e-09,1.287175388328108960e-01,4.285800059384666655e-02,1.363805713408441055e-02,-9.047728619893831148e-01,-1.433737807204580328e-01,9.484017670208467754e-01
6.930050262882976142e+01,2.109554663550170780e-09,1.287175388328108960e-01,4.285800059384666655e-02,1.363805713408441055e-02,-9.047728619893831148e-01,-1.433737807204580328e-01,9.484017670208467754e-01
6.930050262882976142e+01,2.109554663550170780e-09,1.287175388328108960e-01,4.285800059384666655e-02,1.363805713408441055e-02,-9.047728619893831148e-01,-1.433737807204580328e-01,9.484017670208467754e-01
6.930050262882976142e+01,2.109554663550170780e-09,1.287175388328108960e-01,4.285800059384666655e-02,1.363805713408441055e-02,-9.047728619893831148e-01,-1.433737807204580328e-01,9.484017670208467754e-01
6.933176478532918452e+01,2.104938468035312022e-09,1.305375802014962228e-01,4.364680280904674470e-02,1.647550794564548240e-02,-9.078233529995484163e-01,-6.543255032372838342e-02,9.515453124609380975e-01
6.933176478532918452e+01,2.104938468035312022e-09,1.305375802014962228e-01,4.364680280904674470e-02,1.647550794564548240e-02,-9.078233529995484163e-01,-6.543255032372838342e-02,9.515453124609380975e-01
6.933176478532918452e+01,2.104938468035312022e-09,1.305375802014962228e-01,4.364680280904674470e-02,1.647550794564548240e-02,-9.078233529995484163e-01,-6.543255032372838342e-02,9.515453124609380975e-01
6.942718928663143174e+01,2.104138837530432777e-09,1.294709111309889915e-01,4.332867478866587324e-02,1.673244508566558778e-02,-9.067114159288862663e-01,-6.396475645835705826e-02,9.661740002357144252e-01
6.942718928663143174e+01,2.104138837530432777e-09,1.294709111309889915e-01,4.332867478866587324e-02,1.673244508566558778e-02,-9.067114159288862663e-01,-6.396475645835705826e-02,9.661740002357144252e-01
6.942718928663143174e+01,2.104138837530432777e-09,1.294709111309889915e-01,4.332867478866587324e-02,1.673244508566558778e-02,-9.067114159288862663e-01,-6.396475645835705826e-02,9.661740002357144252e-01
6.942718928663143174e+01,2.104138837530432777e-09,1.294709111309889915e-01,4.332867478866587324e-02,1.673244508566558778e-02,-9.067114159288862663e-01,-6.396475645835705826e-02,9.661740002357144252e-01
6.942718928663143174e+01,2.104138837530432777e-09,1.294709111309889915e-01,4.332867478866587324e-02,1.673244508566558778e-02,-9.067114159288862663e-01,-6.396475645835705826e-02,9.661740002357144252e-01
6.942718928663143174e+01,2.104138837530432777e-09,1.294709111309889915e-01,4.332867478866587324e-02,1.673244508566558778e-02,-9.067114159288862663e-01,-6.396475645835705826e-02,9.661740002357144252e-01
6.979435770954796681e+01,2.117163030110234443e-09,1.286080619404052217e-01,4.297939611894977668e-02,2.165952032303733107e-02,-8.884516437854109716e-01,-7.494437387392488548e-02,9.542596646681100747e-01
6.979435770954796681e+01,2.117163030110234443e-09,1.286080619404052217e-01,4.297939611894977668e-02,2.165952032303733107e-02,-8.884516437854109716e-01,-7.494437387392488548e-02,9.542596646681100747e-01
6.979435770954796681e+01,2.117163030110234443e-09,1.286080619404052217e-01,4.297939611894977668e-02,2.165952032303733107e-02,-8.884516437854109716e-01,-7.494437387392488548e-02,9.542596646681100747e-01
6.920975661887855779e+01,2.113423923946911335e-09,1.291482906973171474e-01,4.422975743680482297e-02,2.140281009756789948e-02,-8.638751138325965195e-01,-1.671661742743368873e-01,9.715747048955444276e-01
6.920975661887855779e+01,2.113423923946911335e-09,1.291482906973171474e-01,4.422975743680482297e-02,2.140281009756789948e-02,-8.638751138325965195e-01,-1.671661742743368873e-01,9.715747048955444276e-01
6.920975661887855779e+01,2.113423923946911335e-09,1.291482906973171474e-01,4.422975743680482297e-02,2.140281009756789948e-02,-8.638751138325965195e-01,-1.671661742743368873e-01,9.715747048955444276e-01
6.920975661887855779e+01,2.113423923946911335e-09,1.291482906973171474e-01,4.422975743680482297e-02,2.140281009756789948e-02,-8.638751138325965195e-01,-1.671661742743368873e-01,9.715747048955444276e-01
6.957982431646927068e+01,2.101969717642407790e-09,1.276909873388964445e-01,4.517843630758760359e-02,1.830881575797678462e-02,-8.526265178596964533e-01,-2.070774273455210090e-01,9.703317527773458462e-01
6.957982431646927068e+01,2.101969717642407790e-09,1.276909873388964445e-01,4.517843630758760359e-02,1.830881575797678462e-02,-8.526265178596964533e-01,-2.070774273455210090e-01,9.703317527773458462e-01
6.957982431646927068e+01,2.101969717642407790e-09,1.276909873388964445e-01,4.517843630758760359e-02,1.830881575797678462e-02,-8.526265178596964533e-01,-2.070774273455210090e-01,9.703317527773458462e-01
6.957982431646927068e+01,2.101969717642407790e-09,1.276909873388964445e-01,4.517843630758760359e-02,1.830881575797678462e-02,-8.526265178596964533e-01,-2.070774273455210090e-01,9.703317527773458462e-01
6.987739624023528506e+01,2.116292561935691729e-09,1.286169876024769732e-01,4.499981668287021674e-02,2.096531191366434593e-02,-8.242387212378422534e-01,-2.302623187272826444e-01,9.497654047002039857e-01
6.987739624023528506e+01,2.116292561935691729e-09,1.286169876024769732e-01,4.499981668287021674e-02,2.096531191366434593e-02,-8.242387212378422534e-01,-2.302623187272826444e-01,9.497654047002039857e-01
7.048973820332237494e+01,2.117259392375448230e-09,1.308807531980863970e-01,4.684975373516944014e-02,2.933326508163477953e-02,-8.049282976868944450e-01,-1.647509608963444727e-01,9.637205759181202147e-01
7.026297452841100721e+01,2.124699121489048479e-09,1.291936435940619632e-01,4.660198327379325850e-02,3.178009125029105514e-02,-7.959374564733850965e-01,-6.968902066435844755e-02,9.471475681156561466e-01
7.026297452841100721e+01,2.124699121489048479e-09,1.291936435940619632e-01,4.660198327379325850e-02,3.178009125029105514e-02,-7.959374564733850965e-01,-6.968902066435844755e-02,9.471475681156561466e-01
7.026297452841100721e+01,2.124699121489048479e-09,1.291936435940619632e-01,4.660198327379325850e-02,3.178009125029105514e-02,-7.959374564733850965e-01,-6.968902066435844755e-02,9.471475681156561466e-01
7.026297452841100721e+01,2.124699121489048479e-09,1.291936435940619632e-01,4.660198327379325850e-02,3.178009125029105514e-02,-7.959374564733850965e-01,-6.968902066435844755e-02,9.471475681156561466e-01
6.993247724525397757e+01,2.126526721949986442e-09,1.292790090186007046e-01,4.622705906237753459e-02,2.995737248363449651e-02,-7.838197912789542920e-01,-7.003358222327775440e-02,9.334813384360760580e-01
6.993247724525397757e+01,2.126526721949986442e-09,1.292790090186007046e-01,4.622705906237753459e-02,2.995737248363449651e-02,-7.838197912789542920e-01,-7.003358222327775440e-02,9.334813384360760580e-01
7.034132259105906826e+01,2.113637052162605440e-09,1.314780369881018429e-01,4.574403493895851103e-02,3.491934341421416149e-02,-7.646648052144119356e-01,-7.769914067122060675e-03,9.601371695375167103e-01
7.034132259105906826e+01,2.113637052162605440e-09,1.314780369881018429e-01,4.574403493895851103e-02,3.491934341421416149e-02,-7.646648052144119356e-01,-7.769914067122060675e-03,9.601371695375167103e-01
7.091089115847309188e+01,2.126201723536084797e-09,1.300077063077728079e-01,4.374670303132644628e-02,4.465703561939890487e-02,-7.398961347819166257e-01,7.979498596811043787e-02,9.642812313412962855e-01
7.019894957268138569e+01,2.118510698397183473e-09,1.327843847759804796e-01,4.373496441122533274e-02,4.313339238789477836e-02,-7.452176821935402318e-01,2.064538989180043221e-02,9.554839351709689677e-01
7.019894957268138569e+01,2.118510698397183473e-09,1.327843847759804796e-01,4.373496441122533274e-02,4.313339238789477836e-02,-7.452176821935402318e-01,2.064538989180043221e-02,9.554839351709689677e-01
7.019894957268138569e+01,2.118510698397183473e-09,1.327843847759804796e-01,4.373496441122533274e-02,4.313339238789477836e-02,-7.452176821935402318e-01,2.064538989180043221e-02,9.554839351709689677e-01
6.975070918650656893e+01,2.121891610182487558e-09,1.319496286227482829e-01,4.308661715254617081e-02,4.057753361771442024e-02,-7.383309180378677672e-01,-1.525918408611118965e-02,9.635188160584590156e-01
6.975070918650656893e+01,2.121891610182487558e-09,1.319496286227482829e-01,4.308661715254617081e-02,4.057753361771442024e-02,-7.383309180378677672e-01,-1.525918408611118965e-02,9.635188160584590156e-01
6.975070918650656893e+01,2.121891610182487558e-09,1.319496286227482829e-01,4.308661715254617081e-02,4.057753361771442024e-02,-7.383309180378677672e-01,-1.525918408611118965e-02,9.635188160584590156e-01
6.975070918650656893e+01,2.121891610182487558e-09,1.319496286227482829e-01,4.308661715254617081e-02,4.057753361771442024e-02,-7.383309180378677672e-01,-1.525918408611118965e-02,9.635188160584590156e-01
6.975070918650656893e+01,2.121891610182487558e-09,1.319496286227482829e-01,4.308661715254617081e-02,4.057753361771442024e-02,-7.383309180378677672e-01,-1.525918408611118965e-02,9.635188160584590156e-01
7.004036018888142223e+01,2.118647582943816162e-09,1.297073590050607239e-01,4.189852410872566685e-02,3.686729028591871626e-02,-7.475279055754080471e-01,7.028532271475709803e-02,9.525951784767830999e-01
7.004036018888142223e+01,2.118647582943816162e-09,1.297073590050607239e-01,4.189852410872566685e-02,3.686729028591871626e-02,-7.475279055754080471e-01,7.028532271475709803e-02,9.525951784767830999e-01
6.966409352943796307e+01,2.108137372599076128e-09,1.306562571458592670e-01,4.177970239347004316e-02,3.758988171543574397e-02,-7.771086014033460332e-01,1.560837710667107442e-02,9.650483241279412816e-01
6.966409352943796307e+01,2.108137372599076128e-09,1.306562571458592670e-01,4.177970239347004316e-02,3.758988171543574397e-02,-7.771086014033460332e-01,1.560837710667107442e-02,9.650483241279412816e-01
6.966409352943796307e+01,2.108137372599076128e-09,1.306562571458592670e-01,4.177970239347004316e-02,3.758988171543574397e-02,-7.771086014033460332e-01,1.560837710667107442e-02,9.650483241279412816e-01
6.966409352943796307e+01,2.108137372599076128e-09,1.306562571458592670e-01,4.177970239347004316e-02,3.758988171543574397e-02,-7.771086014033460332e-01,1.560837710667107442e-02,9.650483241279412816e-01
6.892440237111448198e+01,2.106895478035251616e-09,1.312962759766061194e-01,4.161448122500858993e-02,2.999739795291625488e-02,-7.789307558298379508e-01,3.545041304550462791e-02,9.708147140863859770e-01
6.884899884277150761e+01,2.104202673858574152e-09,1.294072839595320212e-01,4.167839808309777710e-02,2.684515430266148223e-02,-7.584224192904995832e-01,6.157023739787884781e-03,9.410107960314249009e-01
6.899828549498113262e+01,2.102147401110450912e-09,1.309206269295237479e-01,4.215722747417256777e-02,3.132749744211993370e-02,-7.327671827167974161e-01,7.084915107142800497e-03,9.486612337721109789e-01
6.899828549498113262e+01,2.102147401110450912e-09,1.309206269295237479e-01,4.215722747417256777e-02,3.132749744211993370e-02,-7.327671827167974161e-01,7.084915107142800497e-03,9.486612337721109789e-01
6.899828549498113262e+01,2.102147401110450912e-09,1.309206269295237479e-01,4.215722747417256777e-02,3.132749744211993370e-02,-7.327671827167974161e-01,7.084915107142800497e-03,9.486612337721109789e-01
6.899828549498113262e+01,2.102147401110450912e-09,1.309206269295237479e-01,4.215722747417256777e-02,3.132749744211993370e-02,-7.327671827167974161e-01,7.084915107142800497e-03,9.486612337721109789e-01
6.899828549498113262e+01,2.102147401110450912e-09,1.309206269295237479e-01,4.215722747417256777e-02,3.132749744211993370e-02,-7.327671827167974161e-01,7.084915107142800497e-03,9.486612337721109789e-01
6.899828549498113262e+01,2.102147401110450912e-09,1.309206269295237479e-01,4.215722747417256777e-02,3.132749744211993370e-02,-7.327671827167974161e-01,7.084915107142800497e-03,9.486612337721109789e-01
6.899828549498113262e+01,2.102147401110450912e-09,1.309206269295237479e-01,4.215722747417256777e-02,3.132749744211993370e-02,-7.327671827167974161e-01,7.084915107142800497e-03,9.486612337721109789e-01
6.899828549498113262e+01,2.102147401110450912e-09,1.309206269295237479e-01,4.215722747417256777e-02,3.132749744211993370e-02,-7.327671827167974161e-01,7.084915107142800497e-03,9.486612337721109789e-01
6.893021965535514539e+01,2.090867989768928521e-09,1.281703655996294378e-01,4.413693236099416189e-02,2.773697595943909466e-02,-7.197928752763221860e-01,-5.566424363639379397e-02,9.576743424495661738e-01
6.846172727876655983e+01,2.080273088577510535e-09,1.273734995441106466e-01,4.379845071465608697e-02,2.892332784063192386e-02,-7.462037758953842248e-01,-1.117900542974075567e-01,9.299312935261053736e-01
6.846172727876655983e+01,2.080273088577510535e-09,1.273734995441106466e-01,4.379845071465608697e-02,2.892332784063192386e-02,-7.462037758953842248e-01,-1.117900542974075567e-01,9.299312935261053736e-01
6.896036247231154448e+01,2.085793563578485309e-09,1.299713087973993486e-01,4.460631097798091471e-02,3.004213852979465554e-02,-7.538413789916571517e-01,-1.379457647089204209e-01,9.592784792818203066e-01
6.896036247231154448e+01,2.085793563578485309e-09,1.299713087973993486e-01,4.460631097798091471e-02,3.004213852979465554e-02,-7.538413789916571517e-01,-1.379457647089204209e-01,9.592784792818203066e-01
6.896036247231154448e+01,2.085793563578485309e-09,1.299713087973993486e-01,4.460631097798091471e-02,3.004213852979465554e-02,-7.538413789916571517e-01,-1.379457647089204209e-01,9.592784792818203066e-01
6.896036247231154448e+01,2.085793563578485309e-09,1.299713087973993486e-01,4.460631097798091471e-02,3.004213852979465554e-02,-7.538413789916571517e-01,-1.379457647089204209e-01,9.592784792818203066e-01
6.896036247231154448e+01,2.085793563578485309e-09,1.299713087973993486e-01,4.460631097798091471e-02,3.004213852979465554e-02,-7.538413789916571517e-01,-1.379457647089204209e-01,9.592784792818203066e-01
6.896036247231154448e+01,2.085793563578485309e-09,1.299713087973993486e-01,4.460631097798091471e-02,3.004213852979465554e-02,-7.538413789916571517e-01,-1.379457647089204209e-01,9.592784792818203066e-01
6.867442794991059429e+01,2.098409630486755053e-09,1.281215917280806582e-01,4.529177438072726214e-02,2.662828049918975273e-02,-7.376436504632349900e-01,-1.912701748803753987e-01,9.391482823704578875e-01
6.867442794991059429e+01,2.098409630486755053e-09,1.281215917280806582e-01,4.529177438072726214e-02,2.662828049918975273e-02,-7.376436504632349900e-01,-1.912701748803753987e-01,9.391482823704578875e-01
6.867442794991059429e+01,2.098409630486755053e-09,1.281215917280806582e-01,4.529177438072726214e-02,2.662828049918975273e-02,-7.376436504632349900e-01,-1.912701748803753987e-01,9.391482823704578875e-01
6.887198386702026198e+01,2.104885932174768282e-09,1.277553811651580273e-01,4.494564528331431580e-02,2.492671608186410037e-02,-7.362566522586198037e-01,-2.226591726119465930e-01,9.644421313998411405e-01
6.887198386702026198e+01,2.104885932174768282e-09,1.277553811651580273e-01,4.494564528331431580e-02,2.492671608186410037e-02,-7.362566522586198037e-01,-2.226591726119465930e-01,9.644421313998411405e-01
6.887198386702026198e+01,2.104885932174768282e-09,1.277553811651580273e-01,4.494564528331431580e-02,2.492671608186410037e-02,-7.362566522586198037e-01,-2.226591726119465930e-01,9.644421313998411405e-01
6.887198386702026198e+01,2.104885932174768282e-09,1.277553811651580273e-01,4.494564528331431580e-02,2.492671608186410037e-02,-7.362566522586198037e-01,-2.226591726119465930e-01,9.644421313998411405e-01
6.819353672444110259e+01,2.108265488496232971e-09,1.264500325895965838e-01,4.575851307761386738e-02,2.387171653878681493e-02,-7.099967799410065172e-01,-3.003448362109155667e-01,9.741578819932571465e-01
6.825246960126573015e+01,2.109341366353765298e-09,1.235768784657593766e-01,4.752162187623502898e-02,1.716745706059949819e-02,-7.185714919251129373e-01,-3.746901027272725448e-01,9.477791750511912472e-01
6.825246960126573015e+01,2.109341366353765298e-09,1.235768784657593766e-01,4.752162187623502898e-02,1.716745706059949819e-02,-7.185714919251129373e-01,-3.746901027272725448e-01,9.477791750511912472e-01
6.774993751371260942e+01,2.122727609035661750e-09,1.262065875018845984e-01,4.733180345142048995e-02,2.519216595560305749e-02,-7.460205242646599233e-01,-3.522505961959208065e-01,9.710961317843913587e-01
6.774993751371260942e+01,2.122727609035661750e-09,1.262065875018845984e-01,4.733180345142048995e-02,2.519216595560305749e-02,-7.460205242646599233e-01,-3.522505961959208065e-01,9.710961317843913587e-01
6.774993751371260942e+01,2.122727609035661750e-09,1.262065875018845984e-01,4.733180345142048995e-02,2.519216595560305749e-02,-7.460205242646599233e-01,-3.522505961959208065e-01,9.710961317843913587e-01
6.745007896441816797e+01,2.119174683199073866e-09,1.282718426867224815e-01,4.860937433080839837e-02,2.343525123843023458e-02,-7.333627947314711459e-01,-2.999190639007442982e-01,9.761223161788451508e-01
6.745007896441816797e+01,2.119174683199073866e-09,1.282718426867224815e-01,4.860937433080839837e-02,2.343525123843023458e-02,-7.333627947314711459e-01,-2.999190639007442982e-01,9.761223161788451508e-01
6.745007896441816797e+01,2.119174683199073866e-09,1.282718426867224815e-01,4.860937433080839837e-02,2.343525123843023458e-02,-7.333627947314711459e-01,-2.999190639007442982e-01,9.761223161788451508e-01
6.745007896441816797e+01,2.119174683199073866e-09,1.282718426867224815e-01,4.860937433080839837e-02,2.343525123843023458e-02,-7.333627947314711459e-01,-2.999190639007442982e-01,9.761223161788451508e-01
6.745007896441816797e+01,2.119174683199073866e-09,1.282718426867224815e-01,4.860937433080839837e-02,2.343525123843023458e-02,-7.333627947314711459e-01,-2.999190639007442982e-01,9.761223161788451508e-01
6.745007896441816797e+01,2.119174683199073866e-09,1.282718426867224815e-01,4.860937433080839837e-02,2.343525123843023458e-02,-7.333627947314711459e-01,-2.999190639007442982e-01,9.761223161788451508e-01
6.745007896441816797e+01,2.119174683199073866e-09,1.282718426867224815e-01,4.860937433080839837e-02,2.343525123843023458e-02,-7.333627947314711459e-01,-2.999190639007442982e-01,9.761223161788451508e-01
6.745007896441816797e+01,2.119174683199073866e-09,1.282718426867224815e-01,4.860937433080839837e-02,2.343525123843023458e-02,-7.333627947314711459e-01,-2.999190639007442982e-01,9.761223161788451508e-01
6.725514206834442632e+01,2.112229906958196395e-09,1.278139425230092885e-01,4.749464046195202988e-02,1.440596587163037873e-02,-7.506610806707165739e-01,-3.857284464865861628e-01,9.759180345479485652e-01
6.719277288902740963e+01,2.115862017222209707e-09,1.274899598168483528e-01,4.825992404967378857e-02,1.423964275306620168e-02,-7.316676821338615744e-01,-4.207439017602246922e-01,9.751449912163302480e-01
6.719124481405364691e+01,2.106020318639766738e-09,1.245707860060882299e-01,4.757255129700408564e-02,1.313361383013830937e-02,-7.281044600569804848e-01,-4.351830082612280215e-01,9.740135141171269995e-01
6.719124481405364691e+01,2.106020318639766738e-09,1.245707860060882299e-01,4.757255129700408564e-02,1.313361383013830937e-02,-7.281044600569804848e-01,-4.351830082612280215e-01,9.740135141171269995e-01
6.719124481405364691e+01,2.106020318639766738e-09,1.245707860060882299e-01,4.757255129700408564e-02,1.313361383013830937e-02,-7.281044600569804848e-01,-4.351830082612280215e-01,9.740135141171269995e-01
6.719124481405364691e+01,2.106020318639766738e-09,1.245707860060882299e-01,4.757255129700408564e-02,1.313361383013830937e-02,-7.281044600569804848e-01,-4.351830082612280215e-01,9.740135141171269995e-01
6.719124481405364691e+01,2.106020318639766738e-09,1.245707860060882299e-01,4.757255129700408564e-02,1.313361383013830937e-02,-7.281044600569804848e-01,-4.351830082612280215e-01,9.740135141171269995e-01
6.719124481405364691e+01,2.106020318639766738e-09,1.245707860060882299e-01,4.757255129700408564e-02,1.313361383013830937e-02,-7.281044600569804848e-01,-4.351830082612280215e-01,9.740135141171269995e-01
6.740454463976939792e+01,2.106369408229878668e-09,1.234208221979744835e-01,4.869014343928516897e-02,1.357358237702077988e-02,-7.277656258509116460e-01,-5.272656424349861926e-01,9.711901946579376554e-01
6.740454463976939792e+01,2.106369408229878668e-09,1.234208221979744835e-01,4.869014343928516897e-02,1.357358237702077988e-02,-7.277656258509116460e-01,-5.272656424349861926e-01,9.711901946579376554e-01
6.740454463976939792e+01,2.106369408229878668e-09,1.234208221979744835e-01,4.869014343928516897e-02,1.357358237702077988e-02,-7.277656258509116460e-01,-5.272656424349861926e-01,9.711901946579376554e-01
6.740454463976939792e+01,2.106369408229878668e-09,1.234208221979744835e-01,4.869014343928516897e-02,1.357358237702077988e-02,-7.277656258509116460e-01,-5.272656424349861926e-01,9.711901946579376554e-01
6.740454463976939792e+01,2.106369408229878668e-09,1.234208221979744835e-01,4.869014343928516897e-02,1.357358237702077988e-02,-7.277656258509116460e-01,-5.272656424349861926e-01,9.711901946579376554e-01
6.740454463976939792e+01,2.106369408229878668e-09,1.234208221979744835e-01,4.869014343928516897e-02,1.357358237702077988e-02,-7.277656258509116460e-01,-5.272656424349861926e-01,9.711901946579376554e-01
6.740454463976939792e+01,2.106369408229878668e-09,1.234208221979744835e-01,4.869014343928516897e-02,1.357358237702077988e-02,-7.277656258509116460e-01,-5.272656424349861926e-01,9.711901946579376554e-01
6.740454463976939792e+01,2.106369408229878668e-09,1.234208221979744835e-01,4.869014343928516897e-02,1.357358237702077988e-02,-7.277656258509116460e-01,-5.272656424349861926e-01,9.711901946579376554e-01
6.740454463976939792e+01,2.106369408229878668e-09,1.234208221979744835e-01,4.869014343928516897e-02,1.357358237702077988e-02,-7.277656258509116460e-01,-5.272656424349861926e-01,9.711901946579376554e-01
6.740454463976939792e+01,2.106369408229878668e-09,1.234208221979744835e-01,4.869014343928516897e-02,1.357358237702077988e-02,-7.277656258509116460e-01,-5.272656424349861926e-01,9.711901946579376554e-01
6.740454463976939792e+01,2.106369408229878668e-09,1.234208221979744835e-01,4.869014343928516897e-02,1.357358237702077988e-02,-7.277656258509116460e-01,-5.272656424349861926e-01,9.711901946579376554e-01
6.740454463976939792e+01,2.106369408229878668e-09,1.234208221979744835e-01,4.869014343928516897e-02,1.357358237702077988e-02,-7.277656258509116460e-01,-5.272656424349861926e-01,9.711901946579376554e-01
6.740454463976939792e+01,2.106369408229878668e-09,1.234208221979744835e-01,4.869014343928516897e-02,1.357358237702077988e-02,-7.277656258509116460e-01,-5.272656424349861926e-01,9.711901946579376554e-01
6.740454463976939792e+01,2.106369408229878668e-09,1.234208221979744835e-01,4.869014343928516897e-02,1.357358237702077988e-02,-7.277656258509116460e-01,-5.272656424349861926e-01,9.711901946579376554e-01
6.740454463976939792e+01,2.106369408229878668e-09,1.234208221979744835e-01,4.869014343928516897e-02,1.357358237702077988e-02,-7.277656258509116460e-01,-5.272656424349861926e-01,9.711901946579376554e-01
6.780929599153269294e+01,2.106942561464025306e-09,1.251540884270796183e-01,4.789306662035251044e-02,1.462489769658060872e-02,-7.320228250940189474e-01,-5.887397289700571079e-01,9.765729681039695409e-01
6.792978532279255433e+01,2.109690114303695259e-09,1.279190106517552050e-01,4.645211141478070016e-02,1.208785338960585883e-02,-7.192500594518280721e-01,-5.660039838172689075e-01,9.641837200358385207e-01
6.792978532279255433e+01,2.109690114303695259e-09,1.279190106517552050e-01,4.645211141478070016e-02,1.208785338960585883e-02,-7.192500594518280721e-01,-5.660039838172689075e-01,9.641837200358385207e-01
6.792978532279255433e+01,2.109690114303695259e-09,1.279190106517552050e-01,4.645211141478070016e-02,1.208785338960585883e-02,-7.192500594518280721e-01,-5.660039838172689075e-01,9.641837200358385207e-01
6.792978532279255433e+01,2.109690114303695259e-09,1.279190106517552050e-01,4.645211141478070016e-02,1.208785338960585883e-02,-7.192500594518280721e-01,-5.660039838172689075e-01,9.641837200358385207e-01
6.753340827322998052e+01,2.116281537844940861e-09,1.254237530998265071e-01,4.588915700130110492e-02,1.295230673498479895e-02,-7.114665832094163589e-01,-4.961693169450655527e-01,9.671032552639088342e-01
6.717381256389307964e+01,2.117352668448968974e-09,1.243216632284354084e-01,4.631926391636332491e-02,1.210641122666317529e-02,-7.190788584575386055e-01,-4.619663086788711182e-01,9.594441443482214504e-01
6.717381256389307964e+01,2.117352668448968974e-09,1.243216632284354084e-01,4.631926391636332491e-02,1.210641122666317529e-02,-7.190788584575386055e-01,-4.619663086788711182e-01,9.594441443482214504e-01
6.717381256389307964e+01,2.117352668448968974e-09,1.243216632284354084e-01,4.631926391636332491e-02,1.210641122666317529e-02,-7.190788584575386055e-01,-4.619663086788711182e-01,9.594441443482214504e-01
6.718195736045254307e+01,2.103005557280116647e-09,1.249098124091947842e-01,4.476228032744314356e-02,1.978353741084605197e-02,-7.063556404036791525e-01,-4.045968973169233318e-01,9.611322928008805277e-01
6.718195736045254307e+01,2.103005557280116647e-09,1.249098124091947842e-01,4.476228032744314356e-02,1.978353741084605197e-02,-7.063556404036791525e-01,-4.045968973169233318e-01,9.611322928008805277e-01
6.718195736045254307e+01,2.103005557280116647e-09,1.249098124091947842e-01,4.476228032744314356e-02,1.978353741084605197e-02,-7.063556404036791525e-01,-4.045968973169233318e-01,9.611322928008805277e-01
6.718195736045254307e+01,2.103005557280116647e-09,1.249098124091947842e-01,4.476228032744314356e-02,1.978353741084605197e-02,-7.063556404036791525e-01,-4.045968973169233318e-01,9.611322928008805277e-01
6.718195736045254307e+01,2.103005557280116647e-09,1.249098124091947842e-01,4.476228032744314356e-02,1.978353741084605197e-02,-7.063556404036791525e-01,-4.045968973169233318e-01,9.611322928008805277e-01
6.736368650725779617e+01,2.104134793228751754e-09,1.246628984808345886e-01,4.574270200584593105e-02,1.569075077693374981e-02,-7.340310429684478999e-01,-4.838619434456395418e-01,9.552366160447574028e-01
6.736368650725779617e+01,2.104134793228751754e-09,1.246628984808345886e-01,4.574270200584593105e-02,1.569075077693374981e-02,-7.340310429684478999e-01,-4.838619434456395418e-01,9.552366160447574028e-01
6.698105953397124779e+01,2.091258172847153590e-09,1.247416364044765941e-01,4.415835474708373204e-02,6.516637181007974705e-03,-7.420413627742118434e-01,-5.587763529145318708e-01,9.544810134234124055e-01
6.760042962328635952e+01,2.091296903600219088e-09,1.253941223474660527e-01,4.350965710559301369e-02,1.630898730185531553e-02,-7.512282457822587745e-01,-6.240898830878524040e-01,9.685365030171159129e-01
6.760042962328635952e+01,2.091296903600219088e-09,1.253941223474660527e-01,4.350965710559301369e-02,1.630898730185531553e-02,-7.512282457822587745e-01,-6.240898830878524040e-01,9.685365030171159129e-01
6.760042962328635952e+01,2.091296903600219088e-09,1.253941223474660527e-01,4.350965710559301369e-02,1.630898730185531553e-02,-7.512282457822587745e-01,-6.240898830878524040e-01,9.685365030171159129e-01
6.711828411302138875e+01,2.083514905206239915e-09,1.237410564308060457e-01,4.248651939284558282e-02,1.358329366469228881e-02,-7.668231936116163272e-01,-6.168350617271675107e-01,9.623574995281947153e-01
6.711828411302138875e+01,2.083514905206239915e-09,1.237410564308060457e-01,4.248651939284558282e-02,1.358329366469228881e-02,-7.668231936116163272e-01,-6.168350617271675107e-01,9.623574995281947153e-01
6.711828411302138875e+01,2.083514905206239915e-09,1.237410564308060457e-01,4.248651939284558282e-02,1.358329366469228881e-02,-7.668231936116163272e-01,-6.168350617271675107e-01,9.623574995281947153e-01
6.648213753293985917e+01,2.088420736663528638e-09,1.251803414033829664e-01,4.282596987943724370e-02,6.543801202437522606e-03,-7.597224532354618365e-01,-5.682129769143982045e-01,9.887221111913609972e-01
6.712521947757690555e+01,2.093042810518201303e-09,1.232623262046983054e-01,4.301114863111051706e-02,1.603488350549888905e-02,-7.768183392714052005e-01,-5.426223495207236347e-01,9.813500421936212081e-01
6.701386860133975176e+01,2.083217649847946258e-09,1.219337748237654395e-01,4.176876930112403269e-02,1.183702837555782039e-02,-7.759257526418842366e-01,-5.290406078168089499e-01,9.760263815667635789e-01
6.701386860133975176e+01,2.083217649847946258e-09,1.219337748237654395e-01,4.176876930112403269e-02,1.183702837555782039e-02,-7.759257526418842366e-01,-5.290406078168089499e-01,9.760263815667635789e-01
6.701386860133975176e+01,2.083217649847946258e-09,1.219337748237654395e-01,4.176876930112403269e-02,1.183702837555782039e-02,-7.759257526418842366e-01,-5.290406078168089499e-01,9.760263815667635789e-01
6.701386860133975176e+01,2.083217649847946258e-09,1.219337748237654395e-01,4.176876930112403269e-02,1.183702837555782039e-02,-7.759257526418842366e-01,-5.290406078168089499e-01,9.760263815667635789e-01
6.631453910351901015e+01,2.091223945230282779e-09,1.248463899607054756e-01,4.250019639403879862e-02,1.588572604366697560e-02,-7.651686004878451852e-01,-4.889288190354755814e-01,9.707542396706665411e-01
6.631453910351901015e+01,2.091223945230282779e-09,1.248463899607054756e-01,4.250019639403879862e-02,1.588572604366697560e-02,-7.651686004878451852e-01,-4.889288190354755814e-01,9.707542396706665411e-01
6.631453910351901015e+01,2.091223945230282779e-09,1.248463899607054756e-01,4.250019639403879862e-02,1.588572604366697560e-02,-7.651686004878451852e-01,-4.889288190354755814e-01,9.707542396706665411e-01
6.631453910351901015e+01,2.091223945230282779e-09,1.248463899607054756e-01,4.250019639403879862e-02,1.588572604366697560e-02,-7.651686004878451852e-01,-4.889288190354755814e-01,9.707542396706665411e-01
6.701420159598808368e+01,2.078066012407446980e-09,1.257116357125517003e-01,4.442360696389384411e-02,1.453100787478642242e-02,-7.782885648597739348e-01,-4.562897913638468417e-01,9.594704891131772273e-01
6.701420159598808368e+01,2.078066012407446980e-09,1.257116357125517003e-01,4.442360696389384411e-02,1.453100787478642242e-02,-7.782885648597739348e-01,-4.562897913638468417e-01,9.594704891131772273e-01
6.701420159598808368e+01,2.078066012407446980e-09,1.257116357125517003e-01,4.442360696389384411e-02,1.453100787478642242e-02,-7.782885648597739348e-01,-4.562897913638468417e-01,9.594704891131772273e-01
6.701420159598808368e+01,2.078066012407446980e-09,1.257116357125517003e-01,4.442360696389384411e-02,1.453100787478642242e-02,-7.782885648597739348e-01,-4.562897913638468417e-01,9.594704891131772273e-01
6.707840750273803110e+01,2.072755343131008185e-09,1.252009283439964038e-01,4.299326563065789669e-02,1.204527682360882063e-02,-7.757795239517139008e-01,-4.969159145255322430e-01,9.682099764332510183e-01
6.707840750273803110e+01,2.072755343131008185e-09,1.252009283439964038e-01,4.299326563065789669e-02,1.204527682360882063e-02,-7.757795239517139008e-01,-4.969159145255322430e-01,9.682099764332510183e-01
6.769264518340030179e+01,2.067188508436731992e-09,1.222975254921135208e-01,4.261435861048448043e-02,1.350353745205447840e-02,-7.471873781048565810e-01,-4.582003654759118083e-01,9.700462222283749991e-01
6.769264518340030179e+01,2.067188508436731992e-09,1.222975254921135208e-01,4.261435861048448043e-02,1.350353745205447840e-02,-7.471873781048565810e-01,-4.582003654759118083e-01,9.700462222283749991e-01
6.769264518340030179e+01,2.067188508436731992e-09,1.222975254921135208e-01,4.261435861048448043e-02,1.350353745205447840e-02,-7.471873781048565810e-01,-4.582003654759118083e-01,9.700462222283749991e-01
6.769264518340030179e+01,2.067188508436731992e-09,1.222975254921135208e-01,4.261435861048448043e-02,1.350353745205447840e-02,-7.471873781048565810e-01,-4.582003654759118083e-01,9.700462222283749991e-01
6.769264518340030179e+01,2.067188508436731992e-09,1.222975254921135208e-01,4.261435861048448043e-02,1.350353745205447840e-02,-7.471873781048565810e-01,-4.582003654759118083e-01,9.700462222283749991e-01
6.769264518340030179e+01,2.067188508436731992e-09,1.222975254921135208e-01,4.261435861048448043e-02,1.350353745205447840e-02,-7.471873781048565810e-01,-4.582003654759118083e-01,9.700462222283749991e-01
6.769264518340030179e+01,2.067188508436731992e-09,1.222975254921135208e-01,4.261435861048448043e-02,1.350353745205447840e-02,-7.471873781048565810e-01,-4.582003654759118083e-01,9.700462222283749991e-01
6.769264518340030179e+01,2.067188508436731992e-09,1.222975254921135208e-01,4.261435861048448043e-02,1.350353745205447840e-02,-7.471873781048565810e-01,-4.582003654759118083e-01,9.700462222283749991e-01
6.769264518340030179e+01,2.067188508436731992e-09,1.222975254921135208e-01,4.261435861048448043e-02,1.350353745205447840e-02,-7.471873781048565810e-01,-4.582003654759118083e-01,9.700462222283749991e-01
6.740370582860592208e+01,2.059833828970071433e-09,1.227065106601510636e-01,4.139195423228463067e-02,9.193004955224598485e-03,-7.664293688892700462e-01,-5.320581126005007322e-01,9.737098727084626537e-01
6.740370582860592208e+01,2.059833828970071433e-09,1.227065106601510636e-01,4.139195423228463067e-02,9.193004955224598485e-03,-7.664293688892700462e-01,-5.320581126005007322e-01,9.737098727084626537e-01
6.740370582860592208e+01,2.059833828970071433e-09,1.227065106601510636e-01,4.139195423228463067e-02,9.193004955224598485e-03,-7.664293688892700462e-01,-5.320581126005007322e-01,9.737098727084626537e-01
6.740370582860592208e+01,2.059833828970071433e-09,1.227065106601510636e-01,4.139195423228463067e-02,9.193004955224598485e-03,-7.664293688892700462e-01,-5.320581126005007322e-01,9.737098727084626537e-01
6.740370582860592208e+01,2.059833828970071433e-09,1.227065106601510636e-01,4.139195423228463067e-02,9.193004955224598485e-03,-7.664293688892700462e-01,-5.320581126005007322e-01,9.737098727084626537e-01
6.740370582860592208e+01,2.059833828970071433e-09,1.227065106601510636e-01,4.139195423228463067e-02,9.193004955224598485e-03,-7.664293688892700462e-01,-5.320581126005007322e-01,9.737098727084626537e-01
6.740370582860592208e+01,2.059833828970071433e-09,1.227065106601510636e-01,4.139195423228463067e-02,9.193004955224598485e-03,-7.664293688892700462e-01,-5.320581126005007322e-01,9.737098727084626537e-01
6.740370582860592208e+01,2.059833828970071433e-09,1.227065106601510636e-01,4.139195423228463067e-02,9.193004955224598485e-03,-7.664293688892700462e-01,-5.320581126005007322e-01,9.737098727084626537e-01
6.740370582860592208e+01,2.059833828970071433e-09,1.227065106601510636e-01,4.139195423228463067e-02,9.193004955224598485e-03,-7.664293688892700462e-01,-5.320581126005007322e-01,9.737098727084626537e-01
6.740370582860592208e+01,2.059833828970071433e-09,1.227065106601510636e-01,4.139195423228463067e-02,9.193004955224598485e-03,-7.664293688892700462e-01,-5.320581126005007322e-01,9.737098727084626537e-01
6.740370582860592208e+01,2.059833828970071433e-09,1.227065106601510636e-01,4.139195423228463067e-02,9.193004955224598485e-03,-7.664293688892700462e-01,-5.320581126005007322e-01,9.737098727084626537e-01
6.715062592588790835e+01,2.066999845943346579e-09,1.212676241792515625e-01,4.038660084301386177e-02,4.270844481871052811e-03,-7.451595204860326227e-01,-6.262510428980265775e-01,9.890643474728033624e-01
6.697364160447143888e+01,2.077995782126992663e-09,1.217472655661038933e-01,4.073949399708068353e-02,1.042531479114231115e-02,-7.346978452056385223e-01,-6.142149061244238650e-01,9.596533813305063720e-01
6.697364160447143888e+01,2.077995782126992663e-09,1.217472655661038933e-01,4.073949399708068353e-02,1.042531479114231115e-02,-7.346978452056385223e-01,-6.142149061244238650e-01,9.596533813305063720e-01
6.697364160447143888e+01,2.077995782126992663e-09,1.217472655661038933e-01,4.073949399708068353e-02,1.042531479114231115e-02,-7.346978452056385223e-01,-6.142149061244238650e-01,9.596533813305063720e-01
6.697364160447143888e+01,2.077995782126992663e-09,1.217472655661038933e-01,4.073949399708068353e-02,1.042531479114231115e-02,-7.346978452056385223e-01,-6.142149061244238650e-01,9.596533813305063720e-01
6.759097005707761241e+01,2.074702473682226263e-09,1.214848713063706870e-01,4.097731254541200907e-02,9.522492762735368377e-03,-7.326797029102468661e-01,-5.403015808891052929e-01,9.514022298543639566e-01
6.759097005707761241e+01,2.074702473682226263e-09,1.214848713063706870e-01,4.097731254541200907e-02,9.522492762735368377e-03,-7.326797029102468661e-01,-5.403015808891052929e-01,9.514022298543639566e-01
6.787872668995495928e+01,2.062275599043178555e-09,1.205601161837866614e-01,4.039498225874368215e-02,8.648774573485246836e-03,-7.341056549318227820e-01,-5.809001410370255858e-01,9.617122636004170610e-01
6.787872668995495928e+01,2.062275599043178555e-09,1.205601161837866614e-01,4.039498225874368215e-02,8.648774573485246836e-03,-7.341056549318227820e-01,-5.809001410370255858e-01,9.617122636004170610e-01
6.787872668995495928e+01,2.062275599043178555e-09,1.205601161837866614e-01,4.039498225874368215e-02,8.648774573485246836e-03,-7.341056549318227820e-01,-5.809001410370255858e-01,9.617122636004170610e-01
6.810621178180848290e+01,2.053275101711303362e-09,1.202004802419415763e-01,4.141291215547103499e-02,1.490389321105316939e-02,-7.165589029395458276e-01,-4.989410769657038891e-01,9.624209487483513792e-01
6.810621178180848290e+01,2.053275101711303362e-09,1.202004802419415763e-01,4.141291215547103499e-02,1.490389321105316939e-02,-7.165589029395458276e-01,-4.989410769657038891e-01,9.624209487483513792e-01
6.855162014194829112e+01,2.046055296713529965e-09,1.186434207776013161e-01,4.194876213485577987e-02,1.462738371227812958e-02,-7.151687216630114863e-01,-4.194827144918125694e-01,9.651862484378760376e-01
6.855162014194829112e+01,2.046055296713529965e-09,1.186434207776013161e-01,4.194876213485577987e-02,1.462738371227812958e-02,-7.151687216630114863e-01,-4.194827144918125694e-01,9.651862484378760376e-01
6.787663187611127569e+01,2.044678692508975873e-09,1.157442059321702604e-01,4.294430699643431160e-02,1.427937438771552554e-02,-7.131865041390481608e-01,-3.923500079515436778e-01,9.702370356596508039e-01
6.787663187611127569e+01,2.044678692508975873e-09,1.157442059321702604e-01,4.294430699643431160e-02,1.427937438771552554e-02,-7.131865041390481608e-01,-3.923500079515436778e-01,9.702370356596508039e-01
6.787663187611127569e+01,2.044678692508975873e-09,1.157442059321702604e-01,4.294430699643431160e-02,1.427937438771552554e-02,-7.131865041390481608e-01,-3.923500079515436778e-01,9.702370356596508039e-01
6.850910762504997820e+01,2.047750610960396100e-09,1.176626476152875106e-01,4.166621425863858280e-02,1.718885931598104072e-02,-7.148158022012651713e-01,-4.651587324104196064e-01,9.472477361993154599e-01
6.800164757374543001e+01,2.035534857663847190e-09,1.190773370855598146e-01,4.226713230362953710e-02,1.367076417316996986e-02,-7.034248472741319036e-01,-5.232589776044975771e-01,9.452931274430488306e-01
6.800164757374543001e+01,2.035534857663847190e-09,1.190773370855598146e-01,4.226713230362953710e-02,1.367076417316996986e-02,-7.034248472741319036e-01,-5.232589776044975771e-01,9.452931274430488306e-01
6.832429876483632825e+01,2.025456869247341814e-09,1.178948526922207474e-01,4.321445340654608835e-02,1.089694080642217636e-02,-7.051472703814006815e-01,-4.521944708092358045e-01,9.668272594047182533e-01
6.760561108828588317e+01,2.035322509332340520e-09,1.187968005399976240e-01,4.233690401960078092e-02,1.064473149022425458e-02,-7.084579124118036697e-01,-3.979596850078430115e-01,9.849390899695429358e-01
6.760561108828588317e+01,2.035322509332340520e-09,1.187968005399976240e-01,4.233690401960078092e-02,1.064473149022425458e-02,-7.084579124118036697e-01,-3.979596850078430115e-01,9.849390899695429358e-01
6.760561108828588317e+01,2.035322509332340520e-09,1.187968005399976240e-01,4.233690401960078092e-02,1.064473149022425458e-02,-7.084579124118036697e-01,-3.979596850078430115e-01,9.849390899695429358e-01
6.832758029974388592e+01,2.036312088465418639e-09,1.189007050053509235e-01,4.213474583984086475e-02,1.291977013933711012e-02,-7.027385323243496851e-01,-4.171507351588273904e-01,9.552610644499923698e-01
6.832758029974388592e+01,2.036312088465418639e-09,1.189007050053509235e-01,4.213474583984086475e-02,1.291977013933711012e-02,-7.027385323243496851e-01,-4.171507351588273904e-01,9.552610644499923698e-01
6.832758029974388592e+01,2.036312088465418639e-09,1.189007050053509235e-01,4.213474583984086475e-02,1.291977013933711012e-02,-7.027385323243496851e-01,-4.171507351588273904e-01,9.552610644499923698e-01
6.832758029974388592e+01,2.036312088465418639e-09,1.189007050053509235e-01,4.213474583984086475e-02,1.291977013933711012e-02,-7.027385323243496851e-01,-4.171507351588273904e-01,9.552610644499923698e-01
6.881507009512031914e+01,2.048843484306693859e-09,1.194479170029231763e-01,4.278172412290374982e-02,1.376916506064038322e-02,-7.023689145407057133e-01,-3.472756333043361954e-01,9.701393035871189729e-01
6.881507009512031914e+01,2.048843484306693859e-09,1.194479170029231763e-01,4.278172412290374982e-02,1.376916506064038322e-02,-7.023689145407057133e-01,-3.472756333043361954e-01,9.701393035871189729e-01
6.881507009512031914e+01,2.048843484306693859e-09,1.194479170029231763e-01,4.278172412290374982e-02,1.376916506064038322e-02,-7.023689145407057133e-01,-3.472756333043361954e-01,9.701393035871189729e-01
6.818197820519770858e+01,2.037979246590026296e-09,1.217188462333347737e-01,4.447657238590996959e-02,2.249012432192085131e-02,-7.012301878947743150e-01,-3.634406722138430190e-01,9.590620983920357112e-01
6.885324849322962848e+01,2.041137391985443161e-09,1.213294065966412649e-01,4.461229890237922852e-02,1.307613235338539112e-02,-7.245363091433904001e-01,-3.681533388604413259e-01,9.403248689092117418e-01
6.885324849322962848e+01,2.041137391985443161e-09,1.213294065966412649e-01,4.461229890237922852e-02,1.307613235338539112e-02,-7.245363091433904001e-01,-3.681533388604413259e-01,9.403248689092117418e-01
6.885324849322962848e+01,2.041137391985443161e-09,1.213294065966412649e-01,4.461229890237922852e-02,1.307613235338539112e-02,-7.245363091433904001e-01,-3.681533388604413259e-01,9.403248689092117418e-01
6.885324849322962848e+01,2.041137391985443161e-09,1.213294065966412649e-01,4.461229890237922852e-02,1.307613235338539112e-02,-7.245363091433904001e-01,-3.681533388604413259e-01,9.403248689092117418e-01
6.915647610104838350e+01,2.038553047099803336e-09,1.197975679004657512e-01,4.283972296466236757e-02,1.320167315836810740e-02,-7.206633367243211463e-01,-2.952930647841519596e-01,9.607574665564816430e-01
6.857773658397836414e+01,2.031714855818403838e-09,1.168405683003457263e-01,4.210588810507590041e-02,1.102452621667158669e-02,-7.467778878926086827e-01,-3.473192968006529324e-01,9.591641525587327743e-01
6.857773658397836414e+01,2.031714855818403838e-09,1.168405683003457263e-01,4.210588810507590041e-02,1.102452621667158669e-02,-7.467778878926086827e-01,-3.473192968006529324e-01,9.591641525587327743e-01
6.857773658397836414e+01,2.031714855818403838e-09,1.168405683003457263e-01,4.210588810507590041e-02,1.102452621667158669e-02,-7.467778878926086827e-01,-3.473192968006529324e-01,9.591641525587327743e-01
6.857773658397836414e+01,2.031714855818403838e-09,1.168405683003457263e-01,4.210588810507590041e-02,1.102452621667158669e-02,-7.467778878926086827e-01,-3.473192968006529324e-01,9.591641525587327743e-01
6.857773658397836414e+01,2.031714855818403838e-09,1.168405683003457263e-01,4.210588810507590041e-02,1.102452621667158669e-02,-7.467778878926086827e-01,-3.473192968006529324e-01,9.591641525587327743e-01
6.857773658397836414e+01,2.031714855818403838e-09,1.168405683003457263e-01,4.210588810507590041e-02,1.102452621667158669e-02,-7.467778878926086827e-01,-3.473192968006529324e-01,9.591641525587327743e-01
6.857773658397836414e+01,2.031714855818403838e-09,1.168405683003457263e-01,4.210588810507590041e-02,1.102452621667158669e-02,-7.467778878926086827e-01,-3.473192968006529324e-01,9.591641525587327743e-01
6.857773658397836414e+01,2.031714855818403838e-09,1.168405683003457263e-01,4.210588810507590041e-02,1.102452621667158669e-02,-7.467778878926086827e-01,-3.473192968006529324e-01,9.591641525587327743e-01
6.857773658397836414e+01,2.031714855818403838e-09,1.168405683003457263e-01,4.210588810507590041e-02,1.102452621667158669e-02,-7.467778878926086827e-01,-3.473192968006529324e-01,9.591641525587327743e-01
6.857773658397836414e+01,2.031714855818403838e-09,1.168405683003457263e-01,4.210588810507590041e-02,1.102452621667158669e-02,-7.467778878926086827e-01,-3.473192968006529324e-01,9.591641525587327743e-01
6.857773658397836414e+01,2.031714855818403838e-09,1.168405683003457263e-01,4.210588810507590041e-02,1.102452621667158669e-02,-7.467778878926086827e-01,-3.473192968006529324e-01,9.591641525587327743e-01
6.857773658397836414e+01,2.031714855818403838e-09,1.168405683003457263e-01,4.210588810507590041e-02,1.102452621667158669e-02,-7.467778878926086827e-01,-3.473192968006529324e-01,9.591641525587327743e-01
6.857773658397836414e+01,2.031714855818403838e-09,1.168405683003457263e-01,4.210588810507590041e-02,1.102452621667158669e-02,-7.467778878926086827e-01,-3.473192968006529324e-01,9.591641525587327743e-01
6.857773658397836414e+01,2.031714855818403838e-09,1.168405683003457263e-01,4.210588810507590041e-02,1.102452621667158669e-02,-7.467778878926086827e-01,-3.473192968006529324e-01,9.591641525587327743e-01
6.833677276466828232e+01,2.035193073478174645e-09,1.174550170725334464e-01,4.032599952722219772e-02,1.149225554772443335e-02,-7.319854017155916770e-01,-3.334335685837661045e-01,9.851186955506514575e-01
6.833677276466828232e+01,2.035193073478174645e-09,1.174550170725334464e-01,4.032599952722219772e-02,1.149225554772443335e-02,-7.319854017155916770e-01,-3.334335685837661045e-01,9.851186955506514575e-01
6.833677276466828232e+01,2.035193073478174645e-09,1.174550170725334464e-01,4.032599952722219772e-02,1.149225554772443335e-02,-7.319854017155916770e-01,-3.334335685837661045e-01,9.851186955506514575e-01
6.820720594474616405e+01,2.030051395654266514e-09,1.184689049204495359e-01,4.066804397684173344e-02,1.533600458950988912e-02,-7.433281672693378139e-01,-2.531755532813384502e-01,9.673667764067171992e-01
6.820720594474616405e+01,2.030051395654266514e-09,1.184689049204495359e-01,4.066804397684173344e-02,1.533600458950988912e-02,-7.433281672693378139e-01,-2.531755532813384502e-01,9.673667764067171992e-01
6.820720594474616405e+01,2.030051395654266514e-09,1.184689049204495359e-01,4.066804397684173344e-02,1.533600458950988912e-02,-7.433281672693378139e-01,-2.531755532813384502e-01,9.673667764067171992e-01
6.820720594474616405e+01,2.030051395654266514e-09,1.184689049204495359e-01,4.066804397684173344e-02,1.533600458950988912e-02,-7.433281672693378139e-01,-2.531755532813384502e-01,9.673667764067171992e-01
6.820720594474616405e+01,2.030051395654266514e-09,1.184689049204495359e-01,4.066804397684173344e-02,1.533600458950988912e-02,-7.433281672693378139e-01,-2.531755532813384502e-01,9.673667764067171992e-01
6.820720594474616405e+01,2.030051395654266514e-09,1.184689049204495359e-01,4.066804397684173344e-02,1.533600458950988912e-02,-7.433281672693378139e-01,-2.531755532813384502e-01,9.673667764067171992e-01
6.820720594474616405e+01,2.030051395654266514e-09,1.184689049204495359e-01,4.066804397684173344e-02,1.533600458950988912e-02,-7.433281672693378139e-01,-2.531755532813384502e-01,9.673667764067171992e-01
6.783566375565642659e+01,2.025119592203409146e-09,1.171584041584226993e-01,4.263531116998160037e-02,1.340830845964004203e-02,-7.607079838455912402e-01,-1.982086419218161144e-01,9.708275272106277054e-01
6.820960495616915864e+01,2.031235463435858196e-09,1.147674034793151054e-01,4.352108123098155645e-02,1.213586972880813762e-02,-7.705442021339989900e-01,-1.008163599282438927e-01,9.666601227105259264e-01
6.820960495616915864e+01,2.031235463435858196e-09,1.147674034793151054e-01,4.352108123098155645e-02,1.213586972880813762e-02,-7.705442021339989900e-01,-1.008163599282438927e-01,9.666601227105259264e-01
6.747621341581461252e+01,2.044208113303367669e-09,1.167272410014689454e-01,4.520594516760384485e-02,1.350527374574064104e-02,-7.954300363888588965e-01,-5.422857511338785574e-02,9.740868965924569522e-01
6.747621341581461252e+01,2.044208113303367669e-09,1.167272410014689454e-01,4.520594516760384485e-02,1.350527374574064104e-02,-7.954300363888588965e-01,-5.422857511338785574e-02,9.740868965924569522e-01
6.747621341581461252e+01,2.044208113303367669e-09,1.167272410014689454e-01,4.520594516760384485e-02,1.350527374574064104e-02,-7.954300363888588965e-01,-5.422857511338785574e-02,9.740868965924569522e-01
6.719916555254816615e+01,2.043435633957474311e-09,1.155657584678634053e-01,4.653850816244988614e-02,1.369785181548077366e-02,-7.657460891141635306e-01,-8.417636257741652195e-02,9.923447943839401875e-01
6.719916555254816615e+01,2.043435633957474311e-09,1.155657584678634053e-01,4.653850816244988614e-02,1.369785181548077366e-02,-7.657460891141635306e-01,-8.417636257741652195e-02,9.923447943839401875e-01
6.772331015996033443e+01,2.045746017090185344e-09,1.162026346430218571e-01,4.744181640104160741e-02,1.061116471042299059e-02,-7.658412952811156638e-01,-1.551305599721003459e-01,9.820190215169886105e-01
6.772331015996033443e+01,2.045746017090185344e-09,1.162026346430218571e-01,4.744181640104160741e-02,1.061116471042299059e-02,-7.658412952811156638e-01,-1.551305599721003459e-01,9.820190215169886105e-01
6.772331015996033443e+01,2.045746017090185344e-09,1.162026346430218571e-01,4.744181640104160741e-02,1.061116471042299059e-02,-7.658412952811156638e-01,-1.551305599721003459e-01,9.820190215169886105e-01
6.772331015996033443e+01,2.045746017090185344e-09,1.162026346430218571e-01,4.744181640104160741e-02,1.061116471042299059e-02,-7.658412952811156638e-01,-1.551305599721003459e-01,9.820190215169886105e-01
6.772331015996033443e+01,2.045746017090185344e-09,1.162026346430218571e-01,4.744181640104160741e-02,1.061116471042299059e-02,-7.658412952811156638e-01,-1.551305599721003459e-01,9.820190215169886105e-01
6.772331015996033443e+01,2.045746017090185344e-09,1.162026346430218571e-01,4.744181640104160741e-02,1.061116471042299059e-02,-7.658412952811156638e-01,-1.551305599721003459e-01,9.820190215169886105e-01
6.772331015996033443e+01,2.045746017090185344e-09,1.162026346430218571e-01,4.744181640104160741e-02,1.061116471042299059e-02,-7.658412952811156638e-01,-1.551305599721003459e-01,9.820190215169886105e-01
6.772331015996033443e+01,2.045746017090185344e-09,1.162026346430218571e-01,4.744181640104160741e-02,1.061116471042299059e-02,-7.658412952811156638e-01,-1.551305599721003459e-01,9.820190215169886105e-01
6.772331015996033443e+01,2.045746017090185344e-09,1.162026346430218571e-01,4.744181640104160741e-02,1.061116471042299059e-02,-7.658412952811156638e-01,-1.551305599721003459e-01,9.820190215169886105e-01
6.710351792706701701e+01,2.058619862750064380e-09,1.150428275126787470e-01,4.566491154776798622e-02,6.100421855289733970e-03,-7.703433109149822045e-01,-2.543963091014737055e-01,9.762444581640465913e-01
6.710351792706701701e+01,2.058619862750064380e-09,1.150428275126787470e-01,4.566491154776798622e-02,6.100421855289733970e-03,-7.703433109149822045e-01,-2.543963091014737055e-01,9.762444581640465913e-01
6.680747621446028006e+01,2.047490639046221759e-09,1.171557306055789199e-01,4.381319574204271816e-02,6.326118693626682499e-03,-7.908087067323891217e-01,-3.256399904374189802e-01,9.522540214957724292e-01
6.646557818001967632e+01,2.033664219683118240e-09,1.186777172924985413e-01,4.539999006906816209e-02,7.140490106466636927e-04,-7.904121845310214667e-01,-4.074063169964238229e-01,9.670070424538562692e-01
6.709053933256141988e+01,2.046824217938442938e-09,1.192015730708740756e-01,4.394272465096438901e-02,6.957634146618529684e-03,-8.063515020574012482e-01,-3.851658963143325121e-01,9.549462783873349236e-01
6.709053933256141988e+01,2.046824217938442938e-09,1.192015730708740756e-01,4.394272465096438901e-02,6.957634146618529684e-03,-8.063515020574012482e-01,-3.851658963143325121e-01,9.549462783873349236e-01
6.763264530109817940e+01,2.053336900894666669e-09,1.191079368564460783e-01,4.462044789157262881e-02,4.561703288500458184e-03,-8.350276029266673339e-01,-4.538492169027222856e-01,9.756060848703944632e-01
6.763264530109817940e+01,2.053336900894666669e-09,1.191079368564460783e-01,4.462044789157262881e-02,4.561703288500458184e-03,-8.350276029266673339e-01,-4.538492169027222856e-01,9.756060848703944632e-01
6.763264530109817940e+01,2.053336900894666669e-09,1.191079368564460783e-01,4.462044789157262881e-02,4.561703288500458184e-03,-8.350276029266673339e-01,-4.538492169027222856e-01,9.756060848703944632e-01
6.829661498430681377e+01,2.054727573023212095e-09,1.199233993461898823e-01,4.493474886926958345e-02,-5.530224129652611814e-04,-8.614124393711389827e-01,-4.248005809155196433e-01,9.663995546096502132e-01
6.855942319883543234e+01,2.064712092524199130e-09,1.220634633081901371e-01,4.518823398983725509e-02,5.030815797582388268e-03,-8.382988730287028734e-01,-4.203551003701098132e-01,9.424323109633137019e-01
6.855942319883543234e+01,2.064712092524199130e-09,1.220634633081901371e-01,4.518823398983725509e-02,5.030815797582388268e-03,-8.382988730287028734e-01,-4.203551003701098132e-01,9.424323109633137019e-01
6.855942319883543234e+01,2.064712092524199130e-09,1.220634633081901371e-01,4.518823398983725509e-02,5.030815797582388268e-03,-8.382988730287028734e-01,-4.203551003701098132e-01,9.424323109633137019e-01
6.855942319883543234e+01,2.064712092524199130e-09,1.220634633081901371e-01,4.518823398983725509e-02,5.030815797582388268e-03,-8.382988730287028734e-01,-4.203551003701098132e-01,9.424323109633137019e-01
6.855942319883543234e+01,2.064712092524199130e-09,1.220634633081901371e-01,4.518823398983725509e-02,5.030815797582388268e-03,-8.382988730287028734e-01,-4.203551003701098132e-01,9.424323109633137019e-01
6.855942319883543234e+01,2.064712092524199130e-09,1.220634633081901371e-01,4.518823398983725509e-02,5.030815797582388268e-03,-8.382988730287028734e-01,-4.203551003701098132e-01,9.424323109633137019e-01
6.855942319883543234e+01,2.064712092524199130e-09,1.220634633081901371e-01,4.518823398983725509e-02,5.030815797582388268e-03,-8.382988730287028734e-01,-4.203551003701098132e-01,9.424323109633137019e-01
6.877903233824709162e+01,2.059171004334333706e-09,1.197573315201379968e-01,4.601752651286847989e-02,5.023662788552511402e-03,-8.572037245859720489e-01,-3.701240933047360016e-01,9.654806325293572300e-01
6.877903233824709162e+01,2.059171004334333706e-09,1.197573315201379968e-01,4.601752651286847989e-02,5.023662788552511402e-03,-8.572037245859720489e-01,-3.701240933047360016e-01,9.654806325293572300e-01
6.877903233824709162e+01,2.059171004334333706e-09,1.197573315201379968e-01,4.601752651286847989e-02,5.023662788552511402e-03,-8.572037245859720489e-01,-3.701240933047360016e-01,9.654806325293572300e-01
6.877903233824709162e+01,2.059171004334333706e-09,1.197573315201379968e-01,4.601752651286847989e-02,5.023662788552511402e-03,-8.572037245859720489e-01,-3.701240933047360016e-01,9.654806325293572300e-01
6.877903233824709162e+01,2.059171004334333706e-09,1.197573315201379968e-01,4.601752651286847989e-02,5.023662788552511402e-03,-8.572037245859720489e-01,-3.701240933047360016e-01,9.654806325293572300e-01
6.881570406265299766e+01,2.059814536991835387e-09,1.176557977430649771e-01,4.470958015245588002e-02,4.792212153067527090e-03,-8.710996716838512732e-01,-3.525733716805610207e-01,9.898642875780909733e-01
6.881570406265299766e+01,2.059814536991835387e-09,1.176557977430649771e-01,4.470958015245588002e-02,4.792212153067527090e-03,-8.710996716838512732e-01,-3.525733716805610207e-01,9.898642875780909733e-01
6.881570406265299766e+01,2.059814536991835387e-09,1.176557977430649771e-01,4.470958015245588002e-02,4.792212153067527090e-03,-8.710996716838512732e-01,-3.525733716805610207e-01,9.898642875780909733e-01
6.881570406265299766e+01,2.059814536991835387e-09,1.176557977430649771e-01,4.470958015245588002e-02,4.792212153067527090e-03,-8.710996716838512732e-01,-3.525733716805610207e-01,9.898642875780909733e-01
6.881570406265299766e+01,2.059814536991835387e-09,1.176557977430649771e-01,4.470958015245588002e-02,4.792212153067527090e-03,-8.710996716838512732e-01,-3.525733716805610207e-01,9.898642875780909733e-01
6.881570406265299766e+01,2.059814536991835387e-09,1.176557977430649771e-01,4.470958015245588002e-02,4.792212153067527090e-03,-8.710996716838512732e-01,-3.525733716805610207e-01,9.898642875780909733e-01
6.881570406265299766e+01,2.059814536991835387e-09,1.176557977430649771e-01,4.470958015245588002e-02,4.792212153067527090e-03,-8.710996716838512732e-01,-3.525733716805610207e-01,9.898642875780909733e-01
6.881570406265299766e+01,2.059814536991835387e-09,1.176557977430649771e-01,4.470958015245588002e-02,4.792212153067527090e-03,-8.710996716838512732e-01,-3.525733716805610207e-01,9.898642875780909733e-01
6.830599832027404261e+01,2.046532298394507647e-09,1.167334572722473623e-01,4.337859287222142063e-02,5.418598530534399563e-03,-8.626406393860255317e-01,-4.348083652138352018e-01,9.929804842417647714e-01
6.830599832027404261e+01,2.046532298394507647e-09,1.167334572722473623e-01,4.337859287222142063e-02,5.418598530534399563e-03,-8.626406393860255317e-01,-4.348083652138352018e-01,9.929804842417647714e-01
6.830599832027404261e+01,2.046532298394507647e-09,1.167334572722473623e-01,4.337859287222142063e-02,5.418598530534399563e-03,-8.626406393860255317e-01,-4.348083652138352018e-01,9.929804842417647714e-01
6.830599832027404261e+01,2.046532298394507647e-09,1.167334572722473623e-01,4.337859287222142063e-02,5.418598530534399563e-03,-8.626406393860255317e-01,-4.348083652138352018e-01,9.929804842417647714e-01
6.830599832027404261e+01,2.046532298394507647e-09,1.167334572722473623e-01,4.337859287222142063e-02,5.418598530534399563e-03,-8.626406393860255317e-01,-4.348083652138352018e-01,9.929804842417647714e-01
6.830599832027404261e+01,2.046532298394507647e-09,1.167334572722473623e-01,4.337859287222142063e-02,5.418598530534399563e-03,-8.626406393860255317e-01,-4.348083652138352018e-01,9.929804842417647714e-01
6.830599832027404261e+01,2.046532298394507647e-09,1.167334572722473623e-01,4.337859287222142063e-02,5.418598530534399563e-03,-8.626406393860255317e-01,-4.348083652138352018e-01,9.929804842417647714e-01
6.830599832027404261e+01,2.046532298394507647e-09,1.167334572722473623e-01,4.337859287222142063e-02,5.418598530534399563e-03,-8.626406393860255317e-01,-4.348083652138352018e-01,9.929804842417647714e-01
6.759077017879117477e+01,2.051905393492485316e-09,1.146944318938870055e-01,4.373319478513586211e-02,-2.986020101929789949e-03,-8.442962782195134741e-01,-5.078117979841195728e-01,9.876819711488331599e-01
6.759077017879117477e+01,2.051905393492485316e-09,1.146944318938870055e-01,4.373319478513586211e-02,-2.986020101929789949e-03,-8.442962782195134741e-01,-5.078117979841195728e-01,9.876819711488331599e-01
6.793155558293683782e+01,2.058722064258504646e-09,1.175780421104629797e-01,4.546865060280828874e-02,-4.732200958672512676e-03,-8.597938277809603624e-01,-5.198645527181787740e-01,9.743085523575792939e-01
6.767577723733218420e+01,2.045518296633359253e-09,1.152684082328001847e-01,4.715401356603263899e-02,-1.694788448603626058e-03,-8.397133907748522974e-01,-5.823956671698482523e-01,9.538404988262277895e-01
6.767577723733218420e+01,2.045518296633359253e-09,1.152684082328001847e-01,4.715401356603263899e-02,-1.694788448603626058e-03,-8.397133907748522974e-01,-5.823956671698482523e-01,9.538404988262277895e-01
6.806809042152202949e+01,2.048305824455136384e-09,1.180975279769615055e-01,4.880384263865327615e-02,-2.275429325303784164e-03,-8.615084907278975912e-01,-5.458267655865001178e-01,9.742400015326762031e-01
6.816440120330622676e+01,2.054561561748658065e-09,1.158596583392550172e-01,4.801459200201297489e-02,-3.826720922458402667e-03,-8.913716358866069500e-01,-5.747910141024216157e-01,9.613709107537298237e-01
6.816440120330622676e+01,2.054561561748658065e-09,1.158596583392550172e-01,4.801459200201297489e-02,-3.826720922458402667e-03,-8.913716358866069500e-01,-5.747910141024216157e-01,9.613709107537298237e-01
6.816440120330622676e+01,2.054561561748658065e-09,1.158596583392550172e-01,4.801459200201297489e-02,-3.826720922458402667e-03,-8.913716358866069500e-01,-5.747910141024216157e-01,9.613709107537298237e-01
6.816440120330622676e+01,2.054561561748658065e-09,1.158596583392550172e-01,4.801459200201297489e-02,-3.826720922458402667e-03,-8.913716358866069500e-01,-5.747910141024216157e-01,9.613709107537298237e-01
6.816440120330622676e+01,2.054561561748658065e-09,1.158596583392550172e-01,4.801459200201297489e-02,-3.826720922458402667e-03,-8.913716358866069500e-01,-5.747910141024216157e-01,9.613709107537298237e-01
6.816440120330622676e+01,2.054561561748658065e-09,1.158596583392550172e-01,4.801459200201297489e-02,-3.826720922458402667e-03,-8.913716358866069500e-01,-5.747910141024216157e-01,9.613709107537298237e-01
6.816440120330622676e+01,2.054561561748658065e-09,1.158596583392550172e-01,4.801459200201297489e-02,-3.826720922458402667e-03,-8.913716358866069500e-01,-5.747910141024216157e-01,9.613709107537298237e-01
6.816440120330622676e+01,2.054561561748658065e-09,1.158596583392550172e-01,4.801459200201297489e-02,-3.826720922458402667e-03,-8.913716358866069500e-01,-5.747910141024216157e-01,9.613709107537298237e-01
6.816440120330622676e+01,2.054561561748658065e-09,1.158596583392550172e-01,4.801459200201297489e-02,-3.826720922458402667e-03,-8.913716358866069500e-01,-5.747910141024216157e-01,9.613709107537298237e-01
6.816440120330622676e+01,2.054561561748658065e-09,1.158596583392550172e-01,4.801459200201297489e-02,-3.826720922458402667e-03,-8.913716358866069500e-01,-5.747910141024216157e-01,9.613709107537298237e-01
6.816440120330622676e+01,2.054561561748658065e-09,1.158596583392550172e-01,4.801459200201297489e-02,-3.826720922458402667e-03,-8.913716358866069500e-01,-5.747910141024216157e-01,9.613709107537298237e-01
6.816440120330622676e+01,2.054561561748658065e-09,1.158596583392550172e-01,4.801459200201297489e-02,-3.826720922458402667e-03,-8.913716358866069500e-01,-5.747910141024216157e-01,9.613709107537298237e-01
6.760801528977908958e+01,2.066862407047650344e-09,1.147879953761274802e-01,4.978153434222934437e-02,-6.543007982689747273e-03,-9.048744653777633928e-01,-5.005140618396813901e-01,9.776120250416007185e-01
6.760801528977908958e+01,2.066862407047650344e-09,1.147879953761274802e-01,4.978153434222934437e-02,-6.543007982689747273e-03,-9.048744653777633928e-01,-5.005140618396813901e-01,9.776120250416007185e-01
6.795120214174518480e+01,2.067096890862191474e-09,1.165749881913229341e-01,5.114293415291595174e-02,-4.528543076088020758e-04,-9.220543511536121173e-01,-5.051951737544004839e-01,9.545019703407543465e-01
6.795120214174518480e+01,2.067096890862191474e-09,1.165749881913229341e-01,5.114293415291595174e-02,-4.528543076088020758e-04,-9.220543511536121173e-01,-5.051951737544004839e-01,9.545019703407543465e-01
6.795120214174518480e+01,2.067096890862191474e-09,1.165749881913229341e-01,5.114293415291595174e-02,-4.528543076088020758e-04,-9.220543511536121173e-01,-5.051951737544004839e-01,9.545019703407543465e-01
6.724204655721244706e+01,2.072357329798099237e-09,1.152110445100817809e-01,5.149217124474762125e-02,-4.725335573184984497e-03,-9.191049983816420577e-01,-4.137636444268478209e-01,9.747904349895675225e-01
6.724204655721244706e+01,2.072357329798099237e-09,1.152110445100817809e-01,5.149217124474762125e-02,-4.725335573184984497e-03,-9.191049983816420577e-01,-4.137636444268478209e-01,9.747904349895675225e-01
6.724204655721244706e+01,2.072357329798099237e-09,1.152110445100817809e-01,5.149217124474762125e-02,-4.725335573184984497e-03,-9.191049983816420577e-01,-4.137636444268478209e-01,9.747904349895675225e-01
6.724204655721244706e+01,2.072357329798099237e-09,1.152110445100817809e-01,5.149217124474762125e-02,-4.725335573184984497e-03,-9.191049983816420577e-01,-4.137636444268478209e-01,9.747904349895675225e-01
6.724204655721244706e+01,2.072357329798099237e-09,1.152110445100817809e-01,5.149217124474762125e-02,-4.725335573184984497e-03,-9.191049983816420577e-01,-4.137636444268478209e-01,9.747904349895675225e-01
6.724204655721244706e+01,2.072357329798099237e-09,1.152110445100817809e-01,5.149217124474762125e-02,-4.725335573184984497e-03,-9.191049983816420577e-01,-4.137636444268478209e-01,9.747904349895675225e-01
6.724204655721244706e+01,2.072357329798099237e-09,1.152110445100817809e-01,5.149217124474762125e-02,-4.725335573184984497e-03,-9.191049983816420577e-01,-4.137636444268478209e-01,9.747904349895675225e-01
6.724204655721244706e+01,2.072357329798099237e-09,1.152110445100817809e-01,5.149217124474762125e-02,-4.725335573184984497e-03,-9.191049983816420577e-01,-4.137636444268478209e-01,9.747904349895675225e-01
6.724204655721244706e+01,2.072357329798099237e-09,1.152110445100817809e-01,5.149217124474762125e-02,-4.725335573184984497e-03,-9.191049983816420577e-01,-4.137636444268478209e-01,9.747904349895675225e-01
6.697502201805457389e+01,2.066039730460668741e-09,1.149891881626947943e-01,5.342045719757879119e-02,-7.143480043964313755e-03,-9.256795357205253039e-01,-4.412570563607259855e-01,9.877118137720664048e-01
6.697502201805457389e+01,2.066039730460668741e-09,1.149891881626947943e-01,5.342045719757879119e-02,-7.143480043964313755e-03,-9.256795357205253039e-01,-4.412570563607259855e-01,9.877118137720664048e-01
6.674527805391340962e+01,2.078020714736566349e-09,1.125202162504853748e-01,5.400351907845025307e-02,-7.381235961628604750e-03,-9.371659954247406610e-01,-4.409181387557057352e-01,9.921183538221186593e-01
6.674527805391340962e+01,2.078020714736566349e-09,1.125202162504853748e-01,5.400351907845025307e-02,-7.381235961628604750e-03,-9.371659954247406610e-01,-4.409181387557057352e-01,9.921183538221186593e-01
6.674527805391340962e+01,2.078020714736566349e-09,1.125202162504853748e-01,5.400351907845025307e-02,-7.381235961628604750e-03,-9.371659954247406610e-01,-4.409181387557057352e-01,9.921183538221186593e-01
6.674527805391340962e+01,2.078020714736566349e-09,1.125202162504853748e-01,5.400351907845025307e-02,-7.381235961628604750e-03,-9.371659954247406610e-01,-4.409181387557057352e-01,9.921183538221186593e-01
6.674527805391340962e+01,2.078020714736566349e-09,1.125202162504853748e-01,5.400351907845025307e-02,-7.381235961628604750e-03,-9.371659954247406610e-01,-4.409181387557057352e-01,9.921183538221186593e-01
6.674527805391340962e+01,2.078020714736566349e-09,1.125202162504853748e-01,5.400351907845025307e-02,-7.381235961628604750e-03,-9.371659954247406610e-01,-4.409181387557057352e-01,9.921183538221186593e-01
6.674527805391340962e+01,2.078020714736566349e-09,1.125202162504853748e-01,5.400351907845025307e-02,-7.381235961628604750e-03,-9.371659954247406610e-01,-4.409181387557057352e-01,9.921183538221186593e-01
6.674527805391340962e+01,2.078020714736566349e-09,1.125202162504853748e-01,5.400351907845025307e-02,-7.381235961628604750e-03,-9.371659954247406610e-01,-4.409181387557057352e-01,9.921183538221186593e-01
6.674527805391340962e+01,2.078020714736566349e-09,1.125202162504853748e-01,5.400351907845025307e-02,-7.381235961628604750e-03,-9.371659954247406610e-01,-4.409181387557057352e-01,9.921183538221186593e-01
6.662282603620856491e+01,2.069340444253196970e-09,1.148081026535718169e-01,5.594393878387084185e-02,-6.846071542449649883e-03,-9.410017044654741536e-01,-4.867694814768724898e-01,9.935482627133366273e-01
6.662282603620856491e+01,2.069340444253196970e-09,1.148081026535718169e-01,5.594393878387084185e-02,-6.846071542449649883e-03,-9.410017044654741536e-01,-4.867694814768724898e-01,9.935482627133366273e-01
6.662282603620856491e+01,2.069340444253196970e-09,1.148081026535718169e-01,5.594393878387084185e-02,-6.846071542449649883e-03,-9.410017044654741536e-01,-4.867694814768724898e-01,9.935482627133366273e-01
6.662282603620856491e+01,2.069340444253196970e-09,1.148081026535718169e-01,5.594393878387084185e-02,-6.846071542449649883e-03,-9.410017044654741536e-01,-4.867694814768724898e-01,9.935482627133366273e-01
6.661489502060537404e+01,2.068516808894527978e-09,1.131001840765295807e-01,5.491537763790471649e-02,-1.060565200006064260e-02,-9.358899100177811015e-01,-4.476042439343492219e-01,9.786031736887224053e-01
6.661489502060537404e+01,2.068516808894527978e-09,1.131001840765295807e-01,5.491537763790471649e-02,-1.060565200006064260e-02,-9.358899100177811015e-01,-4.476042439343492219e-01,9.786031736887224053e-01
6.661489502060537404e+01,2.068516808894527978e-09,1.131001840765295807e-01,5.491537763790471649e-02,-1.060565200006064260e-02,-9.358899100177811015e-01,-4.476042439343492219e-01,9.786031736887224053e-01
6.621066119077931944e+01,2.070256325021141817e-09,1.142873162294544692e-01,5.324787634966032107e-02,-1.074291579937090846e-02,-9.386556347118408805e-01,-5.013230032405919800e-01,9.659737877661899175e-01
6.621066119077931944e+01,2.070256325021141817e-09,1.142873162294544692e-01,5.324787634966032107e-02,-1.074291579937090846e-02,-9.386556347118408805e-01,-5.013230032405919800e-01,9.659737877661899175e-01
6.607112233519390543e+01,2.064103619995315606e-09,1.133964038496282078e-01,5.336297923562452472e-02,-1.114044715711597598e-02,-9.651096891040661374e-01,-5.342773964538815035e-01,9.514689406762456558e-01
6.654307398750006541e+01,2.078989304694264305e-09,1.138681437084403947e-01,5.315152098610627374e-02,-1.477105724398767445e-02,-9.505114591190363393e-01,-4.978026703333056635e-01,9.687654853405441857e-01
6.654307398750006541e+01,2.078989304694264305e-09,1.138681437084403947e-01,5.315152098610627374e-02,-1.477105724398767445e-02,-9.505114591190363393e-01,-4.978026703333056635e-01,9.687654853405441857e-01
