6.554465108087494229e+01,2.108390718617263689e-09,1.174689975662947111e-01,5.358297773466007968e-02,2.207930476048492949e-02,-9.013414721206746139e-01,-1.428573671743058604e-01,9.609621379224685400e-01
6.562860479357334498e+01,2.105761375477305546e-09,1.172148083076828967e-01,5.357363999405760635e-02,2.208974331751610565e-02,-8.840630930600794635e-01,-5.616879386745846081e-02,9.607141420821538880e-01
6.562860479357334498e+01,2.105761375477305546e-09,1.172148083076828967e-01,5.357363999405760635e-02,2.208974331751610565e-02,-8.840630930600794635e-01,-5.616879386745846081e-02,9.607141420821538880e-01
6.562860479357334498e+01,2.105761375477305546e-09,1.172148083076828967e-01,5.357363999405760635e-02,2.208974331751610565e-02,-8.840630930600794635e-01,-5.616879386745846081e-02,9.607141420821538880e-01
6.559225253817453449e+01,2.107518410835896953e-09,1.170316691127185338e-01,5.431910400220395924e-02,2.208714363879743514e-02,-8.984038249139197907e-01,-1.365332695598470147e-01,9.612779323940781051e-01
6.558964944903289052e+01,2.104863475574016175e-09,1.169359357882587408e-01,5.459084052455173003e-02,2.207105394959661335e-02,-9.010704399277591481e-01,-5.361456730925465153e-02,9.604958560874334861e-01
6.558964944903289052e+01,2.104863475574016175e-09,1.169359357882587408e-01,5.459084052455173003e-02,2.207105394959661335e-02,-9.010704399277591481e-01,-5.361456730925465153e-02,9.604958560874334861e-01
6.562383997956989390e+01,2.102259006825567088e-09,1.168615342755212338e-01,5.520598426997681135e-02,2.205544072093408928e-02,-9.027330054818446525e-01,-1.129301270047749356e-02,9.596117243840291966e-01
6.564508953995557761e+01,2.100472127729261070e-09,1.164362489875930551e-01,5.522226457928519627e-02,2.206411690125197056e-02,-9.288693921027522116e-01,6.819694426710068424e-02,9.605563078154003565e-01
6.552944902884868839e+01,2.097787487448027701e-09,1.168745339053346155e-01,5.443703827281951707e-02,2.205189427498542576e-02,-9.283582531912466518e-01,1.112959705483115846e-01,9.595732169825772484e-01
6.559732357081138332e+01,2.100213881917636731e-09,1.168067178645160326e-01,5.520981632451629761e-02,2.206723335218642792e-02,-9.764178639994204323e-01,1.357769315754296935e-01,9.601694303251609997e-01
6.570763327428565503e+01,2.100127496168646118e-09,1.169021079672219049e-01,5.486702726163697474e-02,2.205794339481051414e-02,-9.634911822488795297e-01,7.882311974904873675e-02,9.604327805910343185e-01
6.557317460544923904e+01,2.098287704545202670e-09,1.173753405420463469e-01,5.559378332930144107e-02,2.205897583208488860e-02,-9.780819533058526805e-01,1.011755058241560618e-01,9.592611626314910822e-01
6.557317460544923904e+01,2.098287704545202670e-09,1.173753405420463469e-01,5.559378332930144107e-02,2.205897583208488860e-02,-9.780819533058526805e-01,1.011755058241560618e-01,9.592611626314910822e-01
6.561033579268710980e+01,2.101629515559241841e-09,1.176799609821785469e-01,5.592366129599450619e-02,2.206878683217624107e-02,-9.304996829457183871e-01,8.426758753039784167e-02,9.594465506838590896e-01
6.563886534785167726e+01,2.099933930742350901e-09,1.176285930627999632e-01,5.650685936789189012e-02,2.205360111246338142e-02,-8.885765722547960266e-01,1.512257210577991340e-02,9.605812185837045991e-01
6.563886534785167726e+01,2.099933930742350901e-09,1.176285930627999632e-01,5.650685936789189012e-02,2.205360111246338142e-02,-8.885765722547960266e-01,1.512257210577991340e-02,9.605812185837045991e-01
6.555175414469675843e+01,2.101286205402027809e-09,1.178534974339184305e-01,5.696139374083167284e-02,2.207189328723393670e-02,-8.573777226113052929e-01,6.735654022420708986e-02,9.617972120520436041e-01
6.552170619019119613e+01,2.102791299804628144e-09,1.174286593869816181e-01,5.669043827632566646e-02,2.205856858973822415e-02,-8.905909319289825321e-01,1.053743750984190153e-01,9.603643823281260428e-01
6.561587856005212416e+01,2.100724036983837648e-09,1.171371099341959460e-01,5.673262679699548477e-02,2.206670697580143461e-02,-8.861677691364010512e-01,1.350821956708012361e-01,9.618343466175777179e-01
6.561587856005212416e+01,2.100724036983837648e-09,1.171371099341959460e-01,5.673262679699548477e-02,2.206670697580143461e-02,-8.861677691364010512e-01,1.350821956708012361e-01,9.618343466175777179e-01
6.561587856005212416e+01,2.100724036983837648e-09,1.171371099341959460e-01,5.673262679699548477e-02,2.206670697580143461e-02,-8.861677691364010512e-01,1.350821956708012361e-01,9.618343466175777179e-01
6.561587856005212416e+01,2.100724036983837648e-09,1.171371099341959460e-01,5.673262679699548477e-02,2.206670697580143461e-02,-8.861677691364010512e-01,1.350821956708012361e-01,9.618343466175777179e-01
6.561587856005212416e+01,2.100724036983837648e-09,1.171371099341959460e-01,5.673262679699548477e-02,2.206670697580143461e-02,-8.861677691364010512e-01,1.350821956708012361e-01,9.618343466175777179e-01
6.561587856005212416e+01,2.100724036983837648e-09,1.171371099341959460e-01,5.673262679699548477e-02,2.206670697580143461e-02,-8.861677691364010512e-01,1.350821956708012361e-01,9.618343466175777179e-01
6.566739424496674360e+01,2.099639970353420021e-09,1.168349726907919051e-01,5.733794709611374218e-02,2.208164051672061728e-02,-9.205571542234101123e-01,6.221983465291164306e-02,9.610933814388644691e-01
6.560881729815938002e+01,2.100164958347585217e-09,1.166186720774933239e-01,5.744982469210863085e-02,2.209233934309612346e-02,-9.045367916839327505e-01,-3.651070169180224700e-02,9.605903910545318114e-01
6.564540476612259567e+01,2.097610963727071830e-09,1.169057669326229454e-01,5.814986946180154131e-02,2.208033405725379553e-02,-8.913920678183414603e-01,6.041613926685840408e-04,9.612224940793532291e-01
6.576888051525948242e+01,2.097793469253471152e-09,1.170615232582440379e-01,5.796535543266954221e-02,2.206788626302861461e-02,-8.938471905720997146e-01,-1.233002329990634006e-02,9.598120933664971988e-01
6.586713798287591715e+01,2.097958029699750988e-09,1.167049043451632712e-01,5.767179211161094915e-02,2.207867863571458256e-02,-8.771068390937725168e-01,-5.771649632512663303e-02,9.585423416954814702e-01
6.586713798287591715e+01,2.097958029699750988e-09,1.167049043451632712e-01,5.767179211161094915e-02,2.207867863571458256e-02,-8.771068390937725168e-01,-5.771649632512663303e-02,9.585423416954814702e-01
6.583242718866465282e+01,2.096508338286221026e-09,1.170465759501611996e-01,5.698069559032165055e-02,2.208185771096908209e-02,-8.915471145417520615e-01,-4.176705211381288863e-02,9.571868037230052417e-01
6.587376658820431885e+01,2.096081864022499162e-09,1.167250090357940390e-01,5.721687167515855654e-02,2.206305045163299214e-02,-8.876647784449064327e-01,-1.098355633209851662e-01,9.583806829056800147e-01
6.599864699972117421e+01,2.096761379210606291e-09,1.171890877565769234e-01,5.706426242718017766e-02,2.207027984153558248e-02,-8.567313677598238364e-01,-1.752218497207453929e-01,9.594252344629395912e-01
6.607782401318530674e+01,2.093707536633651601e-09,1.172069478617640964e-01,5.661880163291822810e-02,2.208148808457631798e-02,-8.321662881548254065e-01,-1.117001873149859464e-01,9.591288947799616604e-01
6.609289711749892149e+01,2.096670198482477630e-09,1.171031676651604764e-01,5.596099794560957519e-02,2.207515522270261932e-02,-8.810200371556837773e-01,-6.791827752495105397e-02,9.577922069426522134e-01
6.614490652796719417e+01,2.095559232924632126e-09,1.166248803147101054e-01,5.584098574919725555e-02,2.207099728414972303e-02,-8.928028683490765172e-01,2.930868532103925173e-02,9.570693290601156589e-01
6.606683064952831330e+01,2.094130976498708566e-09,1.162106972775469871e-01,5.508074906378911118e-02,2.206599361155348743e-02,-9.291934531385687146e-01,3.963483525924025447e-02,9.573299383872924118e-01
6.594769937878390920e+01,2.091329626977015368e-09,1.166216547693401662e-01,5.467056577512850041e-02,2.208364984363465552e-02,-9.493600734687418496e-01,1.379161979791776738e-01,9.583066835830640340e-01
6.588443477820142391e+01,2.089735445021708671e-09,1.166680411711134291e-01,5.545052782202488512e-02,2.206918752611631770e-02,-9.314695079819019785e-01,1.252248687151431839e-01,9.582336692075921203e-01
6.590008611017860574e+01,2.088528986013897973e-09,1.170145588920656343e-01,5.507063553975069525e-02,2.208208694660792129e-02,-9.511304553043320453e-01,1.325092603613887421e-01,9.583830014698104804e-01
6.582104828664274976e+01,2.086341317260568622e-09,1.170193641677630819e-01,5.549814356552625061e-02,2.207392222009359889e-02,-9.210751555334454332e-01,7.482793323263914331e-02,9.590296189220558487e-01
6.582104828664274976e+01,2.086341317260568622e-09,1.170193641677630819e-01,5.549814356552625061e-02,2.207392222009359889e-02,-9.210751555334454332e-01,7.482793323263914331e-02,9.590296189220558487e-01
6.582104828664274976e+01,2.086341317260568622e-09,1.170193641677630819e-01,5.549814356552625061e-02,2.207392222009359889e-02,-9.210751555334454332e-01,7.482793323263914331e-02,9.590296189220558487e-01
6.582104828664274976e+01,2.086341317260568622e-09,1.170193641677630819e-01,5.549814356552625061e-02,2.207392222009359889e-02,-9.210751555334454332e-01,7.482793323263914331e-02,9.590296189220558487e-01
6.593874291773374807e+01,2.086626522660884177e-09,1.168098672579952896e-01,5.546269545363643333e-02,2.206760868502461587e-02,-8.849087778384612246e-01,4.802883224104202015e-02,9.590655025090980557e-01
6.593874291773374807e+01,2.086626522660884177e-09,1.168098672579952896e-01,5.546269545363643333e-02,2.206760868502461587e-02,-8.849087778384612246e-01,4.802883224104202015e-02,9.590655025090980557e-01
6.593874291773374807e+01,2.086626522660884177e-09,1.168098672579952896e-01,5.546269545363643333e-02,2.206760868502461587e-02,-8.849087778384612246e-01,4.802883224104202015e-02,9.590655025090980557e-01
6.608653124601131879e+01,2.087266642808494791e-09,1.164190571824980369e-01,5.513901048659513443e-02,2.208469495181716868e-02,-8.485329326225442559e-01,-1.073235035832346973e-02,9.581017869872198167e-01
6.608653124601131879e+01,2.087266642808494791e-09,1.164190571824980369e-01,5.513901048659513443e-02,2.208469495181716868e-02,-8.485329326225442559e-01,-1.073235035832346973e-02,9.581017869872198167e-01
6.593819566224091488e+01,2.084136143486106754e-09,1.165413736034523751e-01,5.447540973152766031e-02,2.209318756708956305e-02,-8.535128855115531321e-01,5.795221617449775042e-02,9.582285245984785149e-01
6.587404527586731717e+01,2.084381582359841029e-09,1.164591565596314604e-01,5.505026261695711992e-02,2.207689101762636691e-02,-9.026056152432917479e-01,-3.605770958179217722e-02,9.590672025747474239e-01
6.575802727926217983e+01,2.085232098639465418e-09,1.163112543051427888e-01,5.516083031026409317e-02,2.207900597431419407e-02,-9.042543796221176322e-01,-9.703406792279462012e-02,9.587237968235804431e-01
6.588894203728935395e+01,2.084944218904678679e-09,1.164402131683622971e-01,5.594607806541589123e-02,2.206242429162088431e-02,-9.006186195411817197e-01,-8.934540605075315389e-02,9.600016148297471075e-01
6.578421728552501691e+01,2.081964125138114540e-09,1.165996492026628306e-01,5.624747773951460639e-02,2.204278467467869415e-02,-9.241974835603868899e-01,-1.015520060494939786e-01,9.598595214232408246e-01
6.566714275041373128e+01,2.080073899756717327e-09,1.162563553489233265e-01,5.578154039006561621e-02,2.203557819494730841e-02,-9.154250837172519528e-01,-1.111625559754543940e-01,9.606351180888604846e-01
6.566275863603550533e+01,2.083094386073893105e-09,1.162664849645365372e-01,5.653748441532147756e-02,2.204761471585484425e-02,-9.322375952873634963e-01,-6.488962025048380933e-02,9.611494217956997321e-01
6.561726753291223702e+01,2.080640681811172845e-09,1.159960600907737616e-01,5.646076218144276820e-02,2.203923784813079101e-02,-9.396515885213440056e-01,-3.987548859035262849e-02,9.602023963924617433e-01
6.561726753291223702e+01,2.080640681811172845e-09,1.159960600907737616e-01,5.646076218144276820e-02,2.203923784813079101e-02,-9.396515885213440056e-01,-3.987548859035262849e-02,9.602023963924617433e-01
6.561726753291223702e+01,2.080640681811172845e-09,1.159960600907737616e-01,5.646076218144276820e-02,2.203923784813079101e-02,-9.396515885213440056e-01,-3.987548859035262849e-02,9.602023963924617433e-01
6.572249350376978327e+01,2.082054490196705417e-09,1.164139578097534850e-01,5.672059759159348014e-02,2.203812913932460052e-02,-9.713912660109461639e-01,3.590822551969015397e-02,9.600000414516024483e-01
6.572249350376978327e+01,2.082054490196705417e-09,1.164139578097534850e-01,5.672059759159348014e-02,2.203812913932460052e-02,-9.713912660109461639e-01,3.590822551969015397e-02,9.600000414516024483e-01
6.578185699758330429e+01,2.085066702782280617e-09,1.167952639688423222e-01,5.663412760275789160e-02,2.203929465357536491e-02,-1.008459562451665681e+00,1.052862944371158183e-01,9.593541523894353329e-01
6.585303936072580200e+01,2.087887365811598248e-09,1.164165469718041190e-01,5.625396627157652069e-02,2.205749989081361856e-02,-9.861539954360901694e-01,5.286254776156527890e-02,9.604591538473136181e-01
6.571375377090500081e+01,2.087279169402029561e-09,1.165418970002559812e-01,5.654562592620460126e-02,2.207150259180470572e-02,-9.577318857985446243e-01,7.693473482525831075e-03,9.591356215579985856e-01
6.557274343881124423e+01,2.090272292557956499e-09,1.167160524508702446e-01,5.654063061370057791e-02,2.207423150287480748e-02,-9.104395160062376258e-01,9.087799643305144448e-02,9.592461919269572590e-01
6.557274343881124423e+01,2.090272292557956499e-09,1.167160524508702446e-01,5.654063061370057791e-02,2.207423150287480748e-02,-9.104395160062376258e-01,9.087799643305144448e-02,9.592461919269572590e-01
6.553630115229528030e+01,2.089799350042460587e-09,1.163077408669825619e-01,5.654681685153643833e-02,2.207109193732883362e-02,-8.890936445810413424e-01,1.025808756776160069e-02,9.580603649253369714e-01
6.553252396888336762e+01,2.093071654436306316e-09,1.162069408689269945e-01,5.637429300926846687e-02,2.206492076563713531e-02,-8.834326144595899821e-01,8.991257251970573294e-02,9.570853524606830476e-01
6.553795635383610829e+01,2.091559812620860088e-09,1.166175935995451135e-01,5.660188060557613809e-02,2.208485664413994964e-02,-8.510601372452774038e-01,4.811414535118979652e-02,9.581786762333662777e-01
6.561272989622831631e+01,2.089695686967836249e-09,1.170418654142009462e-01,5.657206440319783453e-02,2.208107544826288030e-02,-8.752885673523973509e-01,8.756413075287508563e-02,9.596393659058308767e-01
6.553175827479950044e+01,2.089824879871677767e-09,1.167962503992363427e-01,5.666283165840402258e-02,2.206739978813966607e-02,-9.032837780938525185e-01,7.718778008799220824e-03,9.596027506102257076e-01
6.564469186062299855e+01,2.090312240614646938e-09,1.166111167562095541e-01,5.641222162596210010e-02,2.207945518680963851e-02,-9.483116296974117843e-01,9.194259701047127753e-02,9.582702464215184790e-01
6.553310420133617242e+01,2.091719804461989891e-09,1.167100349139944815e-01,5.680461282590840155e-02,2.208997057700063174e-02,-9.903851461480578378e-01,6.664005817036466883e-03,9.591624752040964763e-01
6.551408635210856346e+01,2.092793591861348113e-09,1.164655693049070767e-01,5.736272522794218925e-02,2.211026998035120483e-02,-9.510565214426955905e-01,-2.184873935095471564e-02,9.601003092824537122e-01
6.551408635210856346e+01,2.092793591861348113e-09,1.164655693049070767e-01,5.736272522794218925e-02,2.211026998035120483e-02,-9.510565214426955905e-01,-2.184873935095471564e-02,9.601003092824537122e-01
6.551408635210856346e+01,2.092793591861348113e-09,1.164655693049070767e-01,5.736272522794218925e-02,2.211026998035120483e-02,-9.510565214426955905e-01,-2.184873935095471564e-02,9.601003092824537122e-01
6.556681769825938488e+01,2.094944945109555326e-09,1.168656360115307574e-01,5.736957529120759181e-02,2.212989498739338645e-02,-9.235901527617319529e-01,4.920398074938790722e-03,9.603064191816407247e-01
6.567863666760977992e+01,2.093179798547993562e-09,1.167638456677931869e-01,5.763270723501508208e-02,2.212920973189725846e-02,-8.990774945958113218e-01,-4.140557465266786474e-02,9.596306229360915818e-01
6.572313923280086101e+01,2.090829946121424027e-09,1.168580762564253167e-01,5.747758730632672453e-02,2.212773699954383166e-02,-8.991174440241109789e-01,2.101754940180152603e-02,9.602178724090912887e-01
6.572313923280086101e+01,2.090829946121424027e-09,1.168580762564253167e-01,5.747758730632672453e-02,2.212773699954383166e-02,-8.991174440241109789e-01,2.101754940180152603e-02,9.602178724090912887e-01
6.562109630952051020e+01,2.088238699398937704e-09,1.171180157857715509e-01,5.784710592906713161e-02,2.211388340176424772e-02,-8.687846223069752849e-01,-2.362088666986600360e-02,9.608522442365354799e-01
6.574815854334892151e+01,2.089367155635202369e-09,1.169867251241207551e-01,5.778539905810985144e-02,2.213015642316903953e-02,-9.097511377827266488e-01,-1.013308873945316380e-01,9.604917532885713927e-01
6.583763410850566800e+01,2.087274790567116689e-09,1.168403961153146042e-01,5.772810106883526082e-02,2.211236392571360246e-02,-9.389642956142897345e-01,-2.321952844300760599e-02,9.592450201804931798e-01
6.592549732987839661e+01,2.086463155740696752e-09,1.166365493577101453e-01,5.711788574257076201e-02,2.209782773657518670e-02,-9.383201831775058732e-01,1.138589246157065138e-02,9.579327572239717536e-01
6.601421650720932632e+01,2.084931453236416735e-09,1.162182125622871487e-01,5.647183929621078097e-02,2.208647776946218860e-02,-9.010174135488773217e-01,-8.418700400962136898e-02,9.569617560457288619e-01
6.601421650720932632e+01,2.084931453236416735e-09,1.162182125622871487e-01,5.647183929621078097e-02,2.208647776946218860e-02,-9.010174135488773217e-01,-8.418700400962136898e-02,9.569617560457288619e-01
6.591182040094479078e+01,2.083330479272307449e-09,1.165081446798975767e-01,5.719739405608463556e-02,2.207023378255812060e-02,-8.865090238318448224e-01,-3.306628109048351943e-02,9.583752009323652787e-01
6.603141292412593089e+01,2.085858907884141451e-09,1.168408703095621531e-01,5.654848211482935150e-02,2.206701246719748599e-02,-8.902532575379731306e-01,-1.022911988233344838e-01,9.587029094710390886e-01
6.597329649838778209e+01,2.087719187566385642e-09,1.171990809657954269e-01,5.638368694087463051e-02,2.208752332386829456e-02,-8.726466739491763880e-01,-2.004110246392123151e-01,9.590823995040450578e-01
6.597329649838778209e+01,2.087719187566385642e-09,1.171990809657954269e-01,5.638368694087463051e-02,2.208752332386829456e-02,-8.726466739491763880e-01,-2.004110246392123151e-01,9.590823995040450578e-01
6.590398879247946695e+01,2.090237012762481872e-09,1.171451037165556069e-01,5.595896304109325425e-02,2.210635803116993078e-02,-8.863702013852571282e-01,-1.367610411226475031e-01,9.596912735717393339e-01
6.585945344628555631e+01,2.091556036418163917e-09,1.168408973691202335e-01,5.561025225896679830e-02,2.209664446537143098e-02,-9.020045543580225145e-01,-1.089683014017615442e-01,9.607091905106578400e-01
6.588533402105660741e+01,2.088800061306619378e-09,1.164110315045539940e-01,5.550460309661648522e-02,2.207930149180389531e-02,-9.202423204535031820e-01,-1.828040787434047076e-01,9.608505391434600806e-01
6.586178855039996449e+01,2.086744576126509962e-09,1.168698664990826808e-01,5.520427439702157296e-02,2.209926062255552354e-02,-9.141692568781859540e-01,-2.141381802059931228e-01,9.613905073068992335e-01
6.586178855039996449e+01,2.086744576126509962e-09,1.168698664990826808e-01,5.520427439702157296e-02,2.209926062255552354e-02,-9.141692568781859540e-01,-2.141381802059931228e-01,9.613905073068992335e-01
6.586178855039996449e+01,2.086744576126509962e-09,1.168698664990826808e-01,5.520427439702157296e-02,2.209926062255552354e-02,-9.141692568781859540e-01,-2.141381802059931228e-01,9.613905073068992335e-01
6.586178855039996449e+01,2.086744576126509962e-09,1.168698664990826808e-01,5.520427439702157296e-02,2.209926062255552354e-02,-9.141692568781859540e-01,-2.141381802059931228e-01,9.613905073068992335e-01
6.572537037531917292e+01,2.088156373247280420e-09,1.167884701553327798e-01,5.561425776210629501e-02,2.208628862350836206e-02,-8.779844544979937826e-01,-2.905236751947658513e-01,9.606616039807920338e-01
6.565984064669289921e+01,2.086396950613507878e-09,1.169834302156619321e-01,5.551894712151624056e-02,2.209606710680046826e-02,-8.773337807512967546e-01,-2.882247228887577783e-01,9.595273102283715660e-01
6.570402162717313388e+01,2.085905203141748192e-09,1.172954656390599870e-01,5.486614557803004555e-02,2.209177774938162267e-02,-8.544063879445847887e-01,-2.278192702418825044e-01,9.590480024466621067e-01
6.578727431928213321e+01,2.088192779013520924e-09,1.174111974667894215e-01,5.504654254716853656e-02,2.207945320362372441e-02,-8.172815498339772722e-01,-2.461514938175638767e-01,9.581232688442552492e-01
6.578727431928213321e+01,2.088192779013520924e-09,1.174111974667894215e-01,5.504654254716853656e-02,2.207945320362372441e-02,-8.172815498339772722e-01,-2.461514938175638767e-01,9.581232688442552492e-01
6.578727431928213321e+01,2.088192779013520924e-09,1.174111974667894215e-01,5.504654254716853656e-02,2.207945320362372441e-02,-8.172815498339772722e-01,-2.461514938175638767e-01,9.581232688442552492e-01
6.588967044159180375e+01,2.087669776191940399e-09,1.171287552501213552e-01,5.580197693760989563e-02,2.208409395092001543e-02,-8.462722302987762957e-01,-2.256986942868910162e-01,9.583637998878754560e-01
6.603186453783752086e+01,2.088854701208602410e-09,1.174450624162714646e-01,5.521956322783758836e-02,2.210110569954119863e-02,-8.406028954932105446e-01,-2.716000572340916963e-01,9.579750110852454092e-01
6.603186453783752086e+01,2.088854701208602410e-09,1.174450624162714646e-01,5.521956322783758836e-02,2.210110569954119863e-02,-8.406028954932105446e-01,-2.716000572340916963e-01,9.579750110852454092e-01
6.608401368024017586e+01,2.087816151821141047e-09,1.174198726061320974e-01,5.471697644888728201e-02,2.211750627793943047e-02,-8.044829446033733289e-01,-3.097297808064047864e-01,9.579488079578266646e-01
6.608401368024017586e+01,2.087816151821141047e-09,1.174198726061320974e-01,5.471697644888728201e-02,2.211750627793943047e-02,-8.044829446033733289e-01,-3.097297808064047864e-01,9.579488079578266646e-01
6.604562907140139316e+01,2.090346414377823052e-09,1.177065668898491790e-01,5.498660792384108681e-02,2.210561604051791695e-02,-8.143156759825941338e-01,-2.737778869783818458e-01,9.581626073190082638e-01
6.604928465991993392e+01,2.093074572847199488e-09,1.181483867831329693e-01,5.458194221957599762e-02,2.210437812587555048e-02,-8.619489335454383339e-01,-2.920592104129182132e-01,9.588105771972094127e-01
6.609151708596758112e+01,2.091411020051161031e-09,1.177271630420003157e-01,5.496594897292413767e-02,2.208747397698137410e-02,-8.372705162763374176e-01,-2.766767508760916150e-01,9.601897230938992722e-01
6.609151708596758112e+01,2.091411020051161031e-09,1.177271630420003157e-01,5.496594897292413767e-02,2.208747397698137410e-02,-8.372705162763374176e-01,-2.766767508760916150e-01,9.601897230938992722e-01
6.597552942786346364e+01,2.091321602899537982e-09,1.174005663003393346e-01,5.521694141443252157e-02,2.209940838151481721e-02,-8.292168415061248465e-01,-3.679907090700536010e-01,9.594910952835910001e-01
6.589397939348926059e+01,2.093290529421696113e-09,1.171458927388199095e-01,5.464624222511454965e-02,2.211937330220961270e-02,-8.212865775345886687e-01,-3.327196134103019842e-01,9.590688454695979193e-01
6.585515030090643052e+01,2.095159632080572484e-09,1.170807745294013408e-01,5.510061005383718596e-02,2.213772120941678509e-02,-8.368957417316680303e-01,-2.948336507642719817e-01,9.587379847434061020e-01
6.584647623733292221e+01,2.093820601325537801e-09,1.166038752014219720e-01,5.437919803024433146e-02,2.212439056830586143e-02,-8.006572857165870083e-01,-3.004230758047951588e-01,9.597610052256750901e-01
6.596458633390331272e+01,2.093102353740334607e-09,1.165898450921599161e-01,5.408365586640227762e-02,2.213851958500337794e-02,-8.259166745083437178e-01,-3.805459311964778379e-01,9.601204875423984264e-01
6.603711927762647349e+01,2.091334206092756948e-09,1.166524437844303902e-01,5.461344026737270652e-02,2.212987905629287128e-02,-8.630965936154934015e-01,-4.532715354733642954e-01,9.608524201780264118e-01
6.603711927762647349e+01,2.091334206092756948e-09,1.166524437844303902e-01,5.461344026737270652e-02,2.212987905629287128e-02,-8.630965936154934015e-01,-4.532715354733642954e-01,9.608524201780264118e-01
6.617299246006507474e+01,2.088582425439633867e-09,1.166511935131639560e-01,5.486735125537352958e-02,2.212102454057897002e-02,-8.780868897165967635e-01,-4.405175934750849565e-01,9.610829238831912757e-01
6.606884585475373228e+01,2.090463597275099296e-09,1.164646046200544655e-01,5.475227862973813808e-02,2.211587244902136346e-02,-8.517113153869921849e-01,-5.179034480743951452e-01,9.610887411089334975e-01
6.606884585475373228e+01,2.090463597275099296e-09,1.164646046200544655e-01,5.475227862973813808e-02,2.211587244902136346e-02,-8.517113153869921849e-01,-5.179034480743951452e-01,9.610887411089334975e-01
6.596300501839593267e+01,2.092037780792676614e-09,1.160479232837180463e-01,5.523504514554277572e-02,2.212117678365198639e-02,-8.059656823123118041e-01,-5.959526952859286464e-01,9.625250592758894941e-01
6.596300501839593267e+01,2.092037780792676614e-09,1.160479232837180463e-01,5.523504514554277572e-02,2.212117678365198639e-02,-8.059656823123118041e-01,-5.959526952859286464e-01,9.625250592758894941e-01
6.591108156156668940e+01,2.090103137517934120e-09,1.159237030293535364e-01,5.466915861170729141e-02,2.213195681923092392e-02,-7.572746010416870899e-01,-5.431417635376686315e-01,9.614413839491096070e-01
6.591108156156668940e+01,2.090103137517934120e-09,1.159237030293535364e-01,5.466915861170729141e-02,2.213195681923092392e-02,-7.572746010416870899e-01,-5.431417635376686315e-01,9.614413839491096070e-01
6.577014623035937291e+01,2.092911230091205619e-09,1.156830834482679565e-01,5.401060086837448232e-02,2.213583202055356691e-02,-7.652841254439396446e-01,-5.006713448791697552e-01,9.624833651582671568e-01
6.568869762399485523e+01,2.095106040773173530e-09,1.158054217170669392e-01,5.345638321977295299e-02,2.214609012948266786e-02,-7.273096947976521731e-01,-5.832120312804599527e-01,9.629876439961796430e-01
6.577151617186444810e+01,2.092888719556078100e-09,1.161672624358532219e-01,5.416051991807837446e-02,2.216175577133642702e-02,-7.318081034116165062e-01,-5.323606535119068672e-01,9.616159945859058533e-01
6.577151617186444810e+01,2.092888719556078100e-09,1.161672624358532219e-01,5.416051991807837446e-02,2.216175577133642702e-02,-7.318081034116165062e-01,-5.323606535119068672e-01,9.616159945859058533e-01
6.564949891424492989e+01,2.092423601113520356e-09,1.161533446300008071e-01,5.472730405245166546e-02,2.214456481879747279e-02,-7.222350060792274151e-01,-4.908298514631388443e-01,9.624173553638554202e-01
6.564949891424492989e+01,2.092423601113520356e-09,1.161533446300008071e-01,5.472730405245166546e-02,2.214456481879747279e-02,-7.222350060792274151e-01,-4.908298514631388443e-01,9.624173553638554202e-01
6.564949891424492989e+01,2.092423601113520356e-09,1.161533446300008071e-01,5.472730405245166546e-02,2.214456481879747279e-02,-7.222350060792274151e-01,-4.908298514631388443e-01,9.624173553638554202e-01
6.564949891424492989e+01,2.092423601113520356e-09,1.161533446300008071e-01,5.472730405245166546e-02,2.214456481879747279e-02,-7.222350060792274151e-01,-4.908298514631388443e-01,9.624173553638554202e-01
6.564949891424492989e+01,2.092423601113520356e-09,1.161533446300008071e-01,5.472730405245166546e-02,2.214456481879747279e-02,-7.222350060792274151e-01,-4.908298514631388443e-01,9.624173553638554202e-01
6.571129835067121405e+01,2.089247917508595105e-09,1.160482150480499075e-01,5.508666494700434346e-02,2.213562414503793957e-02,-7.469059942579845401e-01,-4.511859860999147265e-01,9.624179874774045906e-01
6.563230019975497953e+01,2.090595329140160930e-09,1.161305005825744030e-01,5.479516714725795462e-02,2.213818384265259231e-02,-7.497431064401852696e-01,-3.645254076363629858e-01,9.633375533709832572e-01
6.563230019975497953e+01,2.090595329140160930e-09,1.161305005825744030e-01,5.479516714725795462e-02,2.213818384265259231e-02,-7.497431064401852696e-01,-3.645254076363629858e-01,9.633375533709832572e-01
6.568287347069895077e+01,2.093017439907456736e-09,1.158311998382535457e-01,5.539380507299414974e-02,2.214707364871684042e-02,-7.912489585965409855e-01,-3.106069998921492936e-01,9.627107490230027986e-01
6.570630100238243188e+01,2.094339390203674200e-09,1.159002784719610490e-01,5.546305178829255556e-02,2.216303433540481316e-02,-8.277441318052486396e-01,-2.403654937467232522e-01,9.615821616490394241e-01
6.570630100238243188e+01,2.094339390203674200e-09,1.159002784719610490e-01,5.546305178829255556e-02,2.216303433540481316e-02,-8.277441318052486396e-01,-2.403654937467232522e-01,9.615821616490394241e-01
6.562875265995663199e+01,2.092653894342120394e-09,1.162018607237348955e-01,5.539742406671090136e-02,2.215472438676215072e-02,-8.635272324020475398e-01,-2.617811197726614969e-01,9.620293876265161304e-01
6.575939876013387675e+01,2.091424301011786157e-09,1.164655554788141534e-01,5.613697821861016179e-02,2.214395423095294121e-02,-8.935086045461628768e-01,-2.590963175131041352e-01,9.611574808248869450e-01
6.575939876013387675e+01,2.091424301011786157e-09,1.164655554788141534e-01,5.613697821861016179e-02,2.214395423095294121e-02,-8.935086045461628768e-01,-2.590963175131041352e-01,9.611574808248869450e-01
6.567241294457305401e+01,2.089746269295238267e-09,1.168779072782589329e-01,5.679256833529598009e-02,2.216071571645498658e-02,-8.843857842479341258e-01,-1.904531441765051070e-01,9.625896836927552158e-01
6.570958949602430721e+01,2.090675563340657549e-09,1.164362560137960634e-01,5.668746899404548262e-02,2.214454592899752633e-02,-8.445453812536072302e-01,-2.793282745979332460e-01,9.620302425206257446e-01
6.568878556079209829e+01,2.090380856837820948e-09,1.164137086604039584e-01,5.634960893792375497e-02,2.215936387469575816e-02,-8.191339057124357170e-01,-3.057119670126150490e-01,9.634893632670777919e-01
6.568878556079209829e+01,2.090380856837820948e-09,1.164137086604039584e-01,5.634960893792375497e-02,2.215936387469575816e-02,-8.191339057124357170e-01,-3.057119670126150490e-01,9.634893632670777919e-01
6.569229336477276604e+01,2.088526120740970720e-09,1.163654739050008630e-01,5.689914450552157471e-02,2.217238754256513344e-02,-8.124510259948384272e-01,-3.558719574013743947e-01,9.638382639895572979e-01
6.568199577771504494e+01,2.090037961693871882e-09,1.168251766726554619e-01,5.742517139032040502e-02,2.218943932267288324e-02,-8.088684800170965472e-01,-2.786011281093551117e-01,9.635623443071457128e-01
6.568199577771504494e+01,2.090037961693871882e-09,1.168251766726554619e-01,5.742517139032040502e-02,2.218943932267288324e-02,-8.088684800170965472e-01,-2.786011281093551117e-01,9.635623443071457128e-01
6.569232166880495072e+01,2.093067582693869241e-09,1.170349989529573254e-01,5.711960374841425214e-02,2.217730156325401630e-02,-8.213658771990385299e-01,-2.088383458986465269e-01,9.644557922228007563e-01
6.569232166880495072e+01,2.093067582693869241e-09,1.170349989529573254e-01,5.711960374841425214e-02,2.217730156325401630e-02,-8.213658771990385299e-01,-2.088383458986465269e-01,9.644557922228007563e-01
6.569232166880495072e+01,2.093067582693869241e-09,1.170349989529573254e-01,5.711960374841425214e-02,2.217730156325401630e-02,-8.213658771990385299e-01,-2.088383458986465269e-01,9.644557922228007563e-01
6.557390982110314326e+01,2.092345997285568443e-09,1.168099481472225781e-01,5.675094608054502554e-02,2.218864985331286260e-02,-8.636719565181399938e-01,-2.955952459128261545e-01,9.649298334288015644e-01
6.564585074491147054e+01,2.090895142559916114e-09,1.165854115923429801e-01,5.705648326341987431e-02,2.218773924238644571e-02,-8.551842231493256286e-01,-3.147111505244557517e-01,9.654487171568666426e-01
6.564585074491147054e+01,2.090895142559916114e-09,1.165854115923429801e-01,5.705648326341987431e-02,2.218773924238644571e-02,-8.551842231493256286e-01,-3.147111505244557517e-01,9.654487171568666426e-01
6.570628416217564904e+01,2.092804977464302137e-09,1.161982671420771079e-01,5.693131140682489849e-02,2.219178775812129939e-02,-8.097447240546252756e-01,-3.389106677724047501e-01,9.657303061617071860e-01
6.582043144106677346e+01,2.091929603783970085e-09,1.161656991550192447e-01,5.743920289653951100e-02,2.218379336482430297e-02,-7.889014858556102627e-01,-3.650648462140965167e-01,9.664084724311323704e-01
6.589237551204310250e+01,2.089706569457111475e-09,1.164147154455788535e-01,5.794911837113991132e-02,2.216469103694410428e-02,-7.850581090900876635e-01,-3.746400363645741027e-01,9.677093635166442720e-01
6.589237551204310250e+01,2.089706569457111475e-09,1.164147154455788535e-01,5.794911837113991132e-02,2.216469103694410428e-02,-7.850581090900876635e-01,-3.746400363645741027e-01,9.677093635166442720e-01
6.589237551204310250e+01,2.089706569457111475e-09,1.164147154455788535e-01,5.794911837113991132e-02,2.216469103694410428e-02,-7.850581090900876635e-01,-3.746400363645741027e-01,9.677093635166442720e-01
6.601598643992656434e+01,2.090988949856235296e-09,1.166466328723346491e-01,5.867950186698554782e-02,2.218486956300907975e-02,-8.062404036798258566e-01,-3.239861363558836360e-01,9.690541600713730164e-01
6.607255500417713279e+01,2.092217351832962363e-09,1.161852557017563348e-01,5.934826101364253786e-02,2.218035825878104939e-02,-8.373436822256249412e-01,-3.932569689478420116e-01,9.705155797018861774e-01
6.602950189105801826e+01,2.095513000964872745e-09,1.165378024239197285e-01,5.905086841092605648e-02,2.219283423126596627e-02,-8.434513132581668016e-01,-3.528935829815701419e-01,9.692367947131727002e-01
6.611774350037859449e+01,2.096811977848878405e-09,1.166310823136361141e-01,5.930436077497323183e-02,2.220724665172642970e-02,-8.256505731399215176e-01,-3.579044473329169862e-01,9.682403527545931921e-01
6.616695111056074552e+01,2.098725833556810547e-09,1.168340345543803921e-01,5.922257544524596462e-02,2.222030523878345057e-02,-8.371060499700161417e-01,-3.008320596421802939e-01,9.670887593911898783e-01
6.616695111056074552e+01,2.098725833556810547e-09,1.168340345543803921e-01,5.922257544524596462e-02,2.222030523878345057e-02,-8.371060499700161417e-01,-3.008320596421802939e-01,9.670887593911898783e-01
6.616695111056074552e+01,2.098725833556810547e-09,1.168340345543803921e-01,5.922257544524596462e-02,2.222030523878345057e-02,-8.371060499700161417e-01,-3.008320596421802939e-01,9.670887593911898783e-01
6.625765743980660716e+01,2.095743515620985255e-09,1.168700729718082643e-01,5.894165336760695539e-02,2.221888562204400730e-02,-8.509311957853327169e-01,-2.551427195339630583e-01,9.685131536565606547e-01
6.616547097515351084e+01,2.096661466952921197e-09,1.172199722290106771e-01,5.897258920485001776e-02,2.223306517847341637e-02,-8.424805601942957356e-01,-2.467934866398061033e-01,9.697600456915519418e-01
6.602527344158816902e+01,2.097343634566421989e-09,1.167449309475831476e-01,5.931641867928207773e-02,2.222445715300908065e-02,-8.873494307874154607e-01,-1.624599016488020298e-01,9.712003499221701919e-01
6.615373062911801583e+01,2.096236831601136634e-09,1.171952938192123012e-01,5.895969189272197430e-02,2.221474819516191385e-02,-8.657946848043360788e-01,-2.468551136276876112e-01,9.702004445225478335e-01
6.605722501572805072e+01,2.096695246045933718e-09,1.168598954386437794e-01,5.876119711102852777e-02,2.222718578110512155e-02,-8.600464008569644880e-01,-1.874799484824894447e-01,9.701378963586430038e-01
6.593174196601579240e+01,2.095440461965163107e-09,1.171059953314494556e-01,5.823700611804716321e-02,2.223730066375766840e-02,-8.602419904976005283e-01,-1.052038890159244233e-01,9.706071841728481919e-01
6.593174196601579240e+01,2.095440461965163107e-09,1.171059953314494556e-01,5.823700611804716321e-02,2.223730066375766840e-02,-8.602419904976005283e-01,-1.052038890159244233e-01,9.706071841728481919e-01
6.593174196601579240e+01,2.095440461965163107e-09,1.171059953314494556e-01,5.823700611804716321e-02,2.223730066375766840e-02,-8.602419904976005283e-01,-1.052038890159244233e-01,9.706071841728481919e-01
6.593174196601579240e+01,2.095440461965163107e-09,1.171059953314494556e-01,5.823700611804716321e-02,2.223730066375766840e-02,-8.602419904976005283e-01,-1.052038890159244233e-01,9.706071841728481919e-01
6.596421717350047231e+01,2.094248077393903383e-09,1.175591950477720138e-01,5.772743893060230252e-02,2.223625075278435129e-02,-9.070708114761681928e-01,-9.611090858424777006e-02,9.719127592528813420e-01
6.610016724765590368e+01,2.095791320661842867e-09,1.175064720766772763e-01,5.792895327190035470e-02,2.221710081332540013e-02,-9.238084848430389018e-01,-7.784535163602103458e-02,9.730461895719642040e-01
6.619805103249699130e+01,2.098191605501803933e-09,1.175914884679813560e-01,5.826662545914666758e-02,2.219716381395963126e-02,-8.914072516286268844e-01,-7.361632966797114486e-02,9.739216671647110690e-01
6.626692920748902793e+01,2.099978041033081559e-09,1.177484225775476817e-01,5.833387017007185538e-02,2.221447425027165204e-02,-9.034382535513281187e-01,-8.133773651207870659e-02,9.752585895840920616e-01
6.629932009227758272e+01,2.098941369898024238e-09,1.181892701169122567e-01,5.805633392070552040e-02,2.223153302979077872e-02,-9.043564413938367519e-01,-1.781357543459570758e-01,9.766105370450151035e-01
6.630163983974532016e+01,2.100692811402713876e-09,1.185638152933931322e-01,5.728602574569414269e-02,2.224400089597930452e-02,-8.789876553835107575e-01,-1.267387429268178323e-01,9.780779689836610613e-01
6.615943692842567714e+01,2.103249176312424919e-09,1.188037802409728366e-01,5.751345000960889770e-02,2.225752477601154744e-02,-9.069613019271131060e-01,-7.498414051388525847e-02,9.775993722893410176e-01
6.616322175763613700e+01,2.100720422961919916e-09,1.189450694519464807e-01,5.694133803943131344e-02,2.227716466486078309e-02,-9.365701645581414603e-01,4.312367783001619381e-03,9.772309455979945048e-01
6.605475070787308312e+01,2.100122659722448481e-09,1.188052874269004688e-01,5.702568121925331857e-02,2.227331367569859027e-02,-9.705975400401324338e-01,2.113511811728601558e-02,9.761541807885356636e-01
6.605475070787308312e+01,2.100122659722448481e-09,1.188052874269004688e-01,5.702568121925331857e-02,2.227331367569859027e-02,-9.705975400401324338e-01,2.113511811728601558e-02,9.761541807885356636e-01
6.597412277098003131e+01,2.101921080840287257e-09,1.186952693171539341e-01,5.645056983366106285e-02,2.228307319211291285e-02,-9.429294247737060042e-01,2.868557304363173258e-02,9.749502909002291107e-01
6.602759808854753487e+01,2.102546075660274521e-09,1.189969278576737677e-01,5.607935667122911083e-02,2.228251314287758508e-02,-9.351072967244473677e-01,7.854122664702190004e-02,9.753428472709856356e-01
6.590983637090387504e+01,2.100830428729917239e-09,1.185890572417763328e-01,5.605918123578938761e-02,2.229109636658905408e-02,-9.378986391391594957e-01,5.072676666802571066e-02,9.739757438056303451e-01
6.591644626031356324e+01,2.099783957615010222e-09,1.186220758736007685e-01,5.567177553713653637e-02,2.228677744091707436e-02,-8.976420700277855103e-01,-1.042982863734867593e-02,9.747703829374557705e-01
6.591644626031356324e+01,2.099783957615010222e-09,1.186220758736007685e-01,5.567177553713653637e-02,2.228677744091707436e-02,-8.976420700277855103e-01,-1.042982863734867593e-02,9.747703829374557705e-01
6.602913026292807785e+01,2.097586550333946180e-09,1.189071682603409230e-01,5.587093908485228633e-02,2.226956176081120245e-02,-9.259423726534318222e-01,-4.372443111648632169e-02,9.756776712755982350e-01
6.609928134888971840e+01,2.097023542947353621e-09,1.187790606747129579e-01,5.518090216096233763e-02,2.227827055363528277e-02,-9.141246263963391794e-01,-1.078653333336841019e-02,9.766158258105401835e-01
6.614038195824478805e+01,2.095152118255798773e-09,1.190486392691847695e-01,5.456228985474883414e-02,2.227247729662004336e-02,-9.236806333998915930e-01,-5.600952227835880731e-02,9.767906605459220071e-01
6.626037449175842653e+01,2.097848103894324099e-09,1.190248393574294128e-01,5.440886925671317015e-02,2.226619208821309370e-02,-9.182011133434913042e-01,-8.415712289676016700e-02,9.777151693324318549e-01
6.620607451529265575e+01,2.098146545031786124e-09,1.193084146926281508e-01,5.435022811161509954e-02,2.227666841408768028e-02,-9.156066261888167190e-01,-1.809977733374172892e-01,9.777720788473438507e-01
6.633617552045423338e+01,2.096377905709177742e-09,1.194576054885378852e-01,5.396036238638893257e-02,2.229512171399081893e-02,-9.462786208302788049e-01,-2.287498495021932088e-01,9.778093181259830402e-01
6.618875167920815272e+01,2.098535925507181674e-09,1.190974318816059446e-01,5.368056691290765819e-02,2.228196936158555880e-02,-9.544068420467417546e-01,-2.476386945910042936e-01,9.779461146636158064e-01
6.614555147288389492e+01,2.100745343188620925e-09,1.187807058633592872e-01,5.334172426397906785e-02,2.226892960032083799e-02,-9.495031409995823291e-01,-2.396974361729559411e-01,9.780428767421820435e-01
6.617563265757020474e+01,2.100171908501959187e-09,1.185116180328248808e-01,5.311110056009089170e-02,2.226798582485289835e-02,-9.012145074199471306e-01,-3.343300366387964573e-01,9.795029362261714612e-01
6.606462545575905665e+01,2.099130986253191979e-09,1.180766737243554715e-01,5.315377861307810092e-02,2.228777894936030332e-02,-8.747070776998994157e-01,-3.299419833760658949e-01,9.784638571737206414e-01
6.620002659776889686e+01,2.100478516656953062e-09,1.178529983009285881e-01,5.343599747962617108e-02,2.226813734407103590e-02,-8.914225728362853429e-01,-3.115934153981320676e-01,9.790088625937910516e-01
6.629739715698366354e+01,2.098313678042908269e-09,1.180598068300867387e-01,5.323434384092830957e-02,2.227969769670092026e-02,-9.085912725716591698e-01,-2.664489565659942105e-01,9.796556615682786573e-01
6.642382452488305944e+01,2.099393767732002042e-09,1.176158825166472854e-01,5.329145451189443855e-02,2.229760162646719085e-02,-8.977838344767544720e-01,-2.537619220972156531e-01,9.791671310426808272e-01
6.653393834674282914e+01,2.099618351283047836e-09,1.180359780901936717e-01,5.367970376865067311e-02,2.231022493233534090e-02,-8.850162516020076975e-01,-2.658500887919085232e-01,9.785544199316573710e-01
6.653393834674282914e+01,2.099618351283047836e-09,1.180359780901936717e-01,5.367970376865067311e-02,2.231022493233534090e-02,-8.850162516020076975e-01,-2.658500887919085232e-01,9.785544199316573710e-01
6.657698616058671348e+01,2.098478111805601722e-09,1.182628383175023806e-01,5.358791399125840960e-02,2.229112426820849951e-02,-8.694103045808374564e-01,-2.687810845040595753e-01,9.780275494393380065e-01
6.643600675332845640e+01,2.095283725358015117e-09,1.185909837170104481e-01,5.306542989580607939e-02,2.230001598752895733e-02,-8.660424538134744443e-01,-3.161215693878342559e-01,9.792285318518643145e-01
6.638623849271294830e+01,2.097052989185340207e-09,1.186704507704919725e-01,5.354880836280000167e-02,2.231220577331835542e-02,-9.000913627022810726e-01,-2.950207381415622110e-01,9.796594977167332186e-01
6.646109836554035155e+01,2.095887415775854521e-09,1.186267772905865575e-01,5.403329886841601315e-02,2.231786708702310218e-02,-8.686989466351673350e-01,-3.660636776600820763e-01,9.803077769878979497e-01
6.651878863403017306e+01,2.096075335734725049e-09,1.188741838867469203e-01,5.388017791601105305e-02,2.233608491456242837e-02,-8.951748946763699033e-01,-4.001063785736554967e-01,9.791697141650568259e-01
6.639654276301358493e+01,2.095367390224817070e-09,1.186725823208967662e-01,5.317061511986941741e-02,2.233503798858917089e-02,-8.993861578766472187e-01,-3.313140417729955045e-01,9.785804998740128546e-01
6.645852733767971188e+01,2.097192068681666207e-09,1.185959018966460249e-01,5.369786435707728234e-02,2.232272146813224500e-02,-8.668557026225612860e-01,-3.207048202149218041e-01,9.789102627062939987e-01
6.635981866046419952e+01,2.099685948450150322e-09,1.189127248458250879e-01,5.431454273214880724e-02,2.231650695896271117e-02,-8.255142187018105204e-01,-4.070997208182834948e-01,9.800249453798994814e-01
6.635981866046419952e+01,2.099685948450150322e-09,1.189127248458250879e-01,5.431454273214880724e-02,2.231650695896271117e-02,-8.255142187018105204e-01,-4.070997208182834948e-01,9.800249453798994814e-01
6.623788899826254806e+01,2.100817834997445007e-09,1.185223028463286005e-01,5.415110722545713601e-02,2.232151358752676798e-02,-8.138499447540098464e-01,-3.609106336635226620e-01,9.798379486409256600e-01
6.623788899826254806e+01,2.100817834997445007e-09,1.185223028463286005e-01,5.415110722545713601e-02,2.232151358752676798e-02,-8.138499447540098464e-01,-3.609106336635226620e-01,9.798379486409256600e-01
6.623788899826254806e+01,2.100817834997445007e-09,1.185223028463286005e-01,5.415110722545713601e-02,2.232151358752676798e-02,-8.138499447540098464e-01,-3.609106336635226620e-01,9.798379486409256600e-01
6.623788899826254806e+01,2.100817834997445007e-09,1.185223028463286005e-01,5.415110722545713601e-02,2.232151358752676798e-02,-8.138499447540098464e-01,-3.609106336635226620e-01,9.798379486409256600e-01
6.636661340968750267e+01,2.101643374482045178e-09,1.187433973202928622e-01,5.453278631817751881e-02,2.231259108277756573e-02,-8.630149267677507119e-01,-3.018340017959955657e-01,9.787371637841448813e-01
6.645906671738916316e+01,2.101019343962880666e-09,1.186203567352993038e-01,5.461297667232247605e-02,2.230468960756380389e-02,-8.532014250636497099e-01,-3.559052745235176118e-01,9.774734334441759209e-01
6.646215165221764209e+01,2.097912029211101712e-09,1.184786890575165591e-01,5.480319821391399504e-02,2.231826529830459316e-02,-8.933057933366211900e-01,-4.319866315645475852e-01,9.774438322850477201e-01
6.646215165221764209e+01,2.097912029211101712e-09,1.184786890575165591e-01,5.480319821391399504e-02,2.231826529830459316e-02,-8.933057933366211900e-01,-4.319866315645475852e-01,9.774438322850477201e-01
6.659361330546285274e+01,2.097490868655386802e-09,1.185741967062477198e-01,5.508182219631238552e-02,2.231894439491919138e-02,-8.512423704280733805e-01,-3.673443965158375013e-01,9.786026380248046275e-01
6.659361330546285274e+01,2.097490868655386802e-09,1.185741967062477198e-01,5.508182219631238552e-02,2.231894439491919138e-02,-8.512423704280733805e-01,-3.673443965158375013e-01,9.786026380248046275e-01
6.672566973073593033e+01,2.099205714487806736e-09,1.181734677611054052e-01,5.492757726854547579e-02,2.231811613455032123e-02,-8.081587574152839792e-01,-4.182602322425791885e-01,9.794670468896733428e-01
6.682166305322195399e+01,2.098409475110874703e-09,1.177012795719599159e-01,5.525205469509341522e-02,2.233773715936137119e-02,-8.064265671835376681e-01,-4.726782733884636323e-01,9.794627772044860459e-01
6.671585658910424854e+01,2.099008262447650879e-09,1.176584663613534920e-01,5.453871124017899835e-02,2.233091003723546367e-02,-8.081011897243819408e-01,-4.638842624410012827e-01,9.794843032522799753e-01
6.671585658910424854e+01,2.099008262447650879e-09,1.176584663613534920e-01,5.453871124017899835e-02,2.233091003723546367e-02,-8.081011897243819408e-01,-4.638842624410012827e-01,9.794843032522799753e-01
6.671585658910424854e+01,2.099008262447650879e-09,1.176584663613534920e-01,5.453871124017899835e-02,2.233091003723546367e-02,-8.081011897243819408e-01,-4.638842624410012827e-01,9.794843032522799753e-01
6.668360815471126557e+01,2.098949357244858370e-09,1.175490556789655916e-01,5.488991576259359684e-02,2.232680188588213183e-02,-8.491721908520171169e-01,-4.533378908788925910e-01,9.786241823073785762e-01
6.668360815471126557e+01,2.098949357244858370e-09,1.175490556789655916e-01,5.488991576259359684e-02,2.232680188588213183e-02,-8.491721908520171169e-01,-4.533378908788925910e-01,9.786241823073785762e-01
6.662884883022398697e+01,2.096425204255562687e-09,1.172377602452085443e-01,5.426718989772069679e-02,2.233444713052172917e-02,-8.024131386694085544e-01,-3.960898383078415574e-01,9.798668768296495690e-01
6.661106890193711649e+01,2.096646367504265763e-09,1.172617491145706292e-01,5.435169665669524475e-02,2.231382252182285628e-02,-8.044412706239887356e-01,-4.321265450803467023e-01,9.804169760954096757e-01
6.668651383634343688e+01,2.096001090673180154e-09,1.168932008965133662e-01,5.381423023011651374e-02,2.232561630461445124e-02,-8.254511580003847104e-01,-5.110166697433614624e-01,9.797990498540214421e-01
6.662510355778488247e+01,2.093315949868829748e-09,1.166898027173289276e-01,5.423301842021129027e-02,2.233625833378039341e-02,-8.317788373219103804e-01,-4.607833645636543740e-01,9.802955993373945187e-01
6.662510355778488247e+01,2.093315949868829748e-09,1.166898027173289276e-01,5.423301842021129027e-02,2.233625833378039341e-02,-8.317788373219103804e-01,-4.607833645636543740e-01,9.802955993373945187e-01
